Name,Rating,Genres,Release year
Sousou no Frieren,9.32,"['Adventure', 'Drama', 'Fantasy']",2023
Fullmetal Alchemist: Brotherhood,9.1,"['Action', 'Adventure', 'Drama', 'Fantasy', 'Military']",2009
Steins;Gate,9.07,"['Drama', 'Sci-Fi', 'Suspense', 'Psychological', 'Time Travel']",2011
Gintama°,9.05,"['Action', 'Comedy', 'Sci-Fi', 'Gag Humor', 'Historical', 'Parody', 'Samurai']",2015
Shingeki no Kyojin Season 3 Part 2,9.05,"['Action', 'Drama', 'Suspense', 'Gore', 'Military', 'Survival']",2019
Hunter x Hunter (2011),9.03,"['Action', 'Adventure', 'Fantasy']",2011
Gintama',9.03,"['Action', 'Comedy', 'Sci-Fi', 'Gag Humor', 'Historical', 'Parody', 'Samurai']",2011
Gintama': Enchousen,9.02,"['Action', 'Comedy', 'Sci-Fi', 'Gag Humor', 'Historical', 'Parody', 'Samurai']",2012
Bleach: Sennen Kessen-hen,9.01,"['Action', 'Adventure', 'Supernatural']",2022
Kaguya-sama wa Kokurasetai: Ultra Romantic,8.99,"['Comedy', 'Romance', 'School']",2022
Gintama.,8.98,"['Action', 'Comedy', 'Sci-Fi', 'Gag Humor', 'Historical', 'Parody', 'Samurai']",2017
Bleach: Sennen Kessen-hen - Soukoku-tan,8.98,"['Action', 'Adventure', 'Supernatural']",2024
Fruits Basket: The Final,8.96,"['Drama', 'Romance', 'Supernatural']",2021
Gintama,8.93,"['Action', 'Comedy', 'Sci-Fi', 'Gag Humor', 'Historical', 'Parody', 'Samurai']",2006
Clannad: After Story,8.93,"['Drama', 'Romance']",2008
Code Geass: Hangyaku no Lelouch R2,8.91,"['Action', 'Award Winning', 'Drama', 'Sci-Fi', 'Mecha', 'Military', 'Super Power']",2008
3-gatsu no Lion 2nd Season,8.91,"['Drama', 'Childcare', 'Strategy Game']",2017
Monster,8.88,"['Drama', 'Mystery', 'Suspense', 'Adult Cast', 'Psychological']",2004
Gintama. Shirogane no Tamashii-hen - Kouhan-sen,8.88,"['Action', 'Comedy', 'Sci-Fi', 'Gag Humor', 'Historical', 'Parody', 'Samurai']",2018
Kusuriya no Hitorigoto,8.88,"['Drama', 'Mystery', 'Historical', 'Medical']",2023
Kingdom 3rd Season,8.83,"['Action', 'Historical', 'Military']",2020
Gintama. Shirogane no Tamashii-hen,8.81,"['Action', 'Comedy', 'Sci-Fi', 'Gag Humor', 'Historical', 'Parody', 'Samurai']",2018
Vinland Saga Season 2,8.81,"['Action', 'Adventure', 'Drama', 'Gore', 'Historical']",2023
Mob Psycho 100 II,8.79,"['Action', 'Comedy', 'Supernatural']",2019
Jujutsu Kaisen 2nd Season,8.78,"['Action', 'Supernatural', 'Gore', 'School']",2023
Shingeki no Kyojin: The Final Season,8.78,"['Action', 'Drama', 'Suspense', 'Gore', 'Military', 'Survival']",2021
Boku no Kokoro no Yabai Yatsu 2nd Season,8.78,"['Comedy', 'Romance', 'School']",2024
Re:Zero kara Hajimeru Isekai Seikatsu 3rd Season,8.77,"['Drama', 'Fantasy', 'Suspense', 'Isekai', 'Psychological', 'Time Travel']",2024
Haikyuu!! Karasuno Koukou vs. Shiratorizawa Gakuen Koukou,8.77,"['Sports', 'School', 'Team Sports']",2016
Hajime no Ippo,8.77,"['Sports', 'Combat Sports']",2000
Bocchi the Rock!,8.76,"['Comedy', 'CGDCT', 'Music']",2022
Shingeki no Kyojin: The Final Season Part 2,8.76,"['Action', 'Drama', 'Suspense', 'Gore', 'Military', 'Survival']",2022
Monogatari Series: Second Season,8.76,"['Comedy', 'Mystery', 'Romance', 'Supernatural', 'Vampire']",2013
Vinland Saga,8.76,"['Action', 'Adventure', 'Drama', 'Gore', 'Historical']",2019
Cowboy Bebop,8.75,"['Action', 'Award Winning', 'Sci-Fi', 'Adult Cast', 'Space']",1998
One Piece,8.73,"['Action', 'Adventure', 'Fantasy']",1999
Kimetsu no Yaiba: Yuukaku-hen,8.73,"['Action', 'Supernatural', 'Historical']",2022
Kingdom 4th Season,8.73,"['Action', 'Historical', 'Military']",2022
Kingdom 5th Season,8.73,"['Action', 'Historical', 'Military']",2024
Ashita no Joe 2,8.73,"['Drama', 'Sports', 'Combat Sports']",1980
Hibike! Euphonium 3,8.72,"['Drama', 'Music', 'Performing Arts', 'School']",2024
Mushishi Zoku Shou 2nd Season,8.72,"['Adventure', 'Mystery', 'Slice of Life', 'Supernatural', 'Adult Cast', 'Historical', 'Iyashikei']",2014
Mob Psycho 100 III,8.71,"['Action', 'Comedy', 'Supernatural']",2022
Shouwa Genroku Rakugo Shinjuu: Sukeroku Futatabi-hen,8.71,"['Drama', 'Adult Cast', 'Historical', 'Love Polygon', 'Performing Arts']",2017
86 Part 2,8.71,"['Action', 'Drama', 'Sci-Fi', 'Mecha', 'Military']",2021
Bleach: Sennen Kessen-hen - Ketsubetsu-tan,8.7,"['Action', 'Adventure', 'Supernatural']",2023
Code Geass: Hangyaku no Lelouch,8.7,"['Action', 'Award Winning', 'Drama', 'Sci-Fi', 'Mecha', 'Military', 'School', 'Super Power']",2006
Dandadan,8.7,"['Action', 'Comedy', 'Supernatural']",2024
Mushishi Zoku Shou,8.69,"['Adventure', 'Mystery', 'Slice of Life', 'Supernatural', 'Adult Cast', 'Historical', 'Iyashikei']",2014
Violet Evergarden,8.68,['Drama'],2018
Great Teacher Onizuka,8.68,"['Comedy', 'Delinquents', 'School', 'Workplace']",1999
Natsume Yuujinchou Shichi,8.67,"['Slice of Life', 'Supernatural', 'Iyashikei', 'Mythology']",2024
Hajime no Ippo: New Challenger,8.67,"['Sports', 'Combat Sports']",2009
Mushishi,8.65,"['Adventure', 'Mystery', 'Slice of Life', 'Supernatural', 'Adult Cast', 'Historical', 'Iyashikei']",2005
Odd Taxi,8.65,"['Award Winning', 'Drama', 'Mystery', 'Suspense', 'Adult Cast', 'Anthropomorphic', 'Organized Crime']",2021
Mushoku Tensei: Isekai Ittara Honki Dasu Part 2,8.65,"['Adventure', 'Drama', 'Fantasy', 'Ecchi', 'Isekai', 'Reincarnation']",2021
Made in Abyss,8.64,"['Adventure', 'Drama', 'Fantasy', 'Mystery', 'Sci-Fi', 'Gore']",2017
Natsume Yuujinchou Shi,8.64,"['Slice of Life', 'Supernatural', 'Iyashikei', 'Mythology']",2012
Shigatsu wa Kimi no Uso,8.64,"['Drama', 'Romance', 'Love Polygon', 'Music', 'School']",2014
Bungou Stray Dogs 5th Season,8.63,"['Action', 'Mystery', 'Adult Cast', 'Detective', 'Organized Crime', 'Super Power', 'Vampire']",2023
Shingeki no Kyojin Season 3,8.63,"['Action', 'Drama', 'Suspense', 'Gore', 'Military', 'Survival']",2018
Tengen Toppa Gurren Lagann,8.63,"['Action', 'Adventure', 'Award Winning', 'Sci-Fi', 'Mecha']",2007
Ping Pong the Animation,8.62,"['Award Winning', 'Drama', 'Sports']",2014
Kaguya-sama wa Kokurasetai? Tensai-tachi no Renai Zunousen,8.62,"['Comedy', 'Romance', 'School']",2020
"""Oshi no Ko"" 2nd Season",8.62,"['Drama', 'Reincarnation', 'Showbiz']",2024
Haikyuu!! Second Season,8.62,"['Sports', 'School', 'Team Sports']",2015
Death Note,8.62,"['Supernatural', 'Suspense', 'Psychological']",2006
Made in Abyss: Retsujitsu no Ougonkyou,8.62,"['Adventure', 'Drama', 'Fantasy', 'Mystery', 'Sci-Fi', 'Gore']",2022
Dungeon Meshi,8.61,"['Adventure', 'Comedy', 'Fantasy', 'Gourmet']",2024
Natsume Yuujinchou Roku,8.61,"['Slice of Life', 'Supernatural', 'Iyashikei', 'Mythology']",2017
Hajime no Ippo: Rising,8.61,"['Sports', 'Combat Sports']",2013
"""Oshi no Ko""",8.6,"['Award Winning', 'Drama', 'Reincarnation', 'Showbiz']",2023
Kenpuu Denki Berserk,8.59,"['Action', 'Adventure', 'Drama', 'Fantasy', 'Horror', 'Gore', 'Military']",1997
JoJo no Kimyou na Bouken Part 5: Ougon no Kaze,8.58,"['Action', 'Adventure', 'Organized Crime', 'Super Power']",2018
Jujutsu Kaisen,8.57,"['Action', 'Award Winning', 'Supernatural', 'School']",2020
Natsume Yuujinchou San,8.57,"['Slice of Life', 'Supernatural', 'Iyashikei', 'Mythology']",2011
Nana,8.56,"['Drama', 'Romance', 'Adult Cast', 'Love Polygon', 'Music']",2006
Natsume Yuujinchou Go,8.56,"['Slice of Life', 'Supernatural', 'Iyashikei', 'Mythology']",2016
Haikyuu!! To the Top Part 2,8.55,"['Sports', 'School', 'Team Sports']",2020
Yojouhan Shinwa Taikei,8.55,"['Award Winning', 'Comedy', 'Mystery', 'Romance', 'Suspense', 'Adult Cast', 'Psychological', 'Time Travel']",2010
Slam Dunk,8.55,"['Sports', 'School', 'Team Sports']",1993
Shouwa Genroku Rakugo Shinjuu,8.55,"['Drama', 'Historical', 'Love Polygon', 'Performing Arts']",2016
Shingeki no Kyojin,8.55,"['Action', 'Award Winning', 'Drama', 'Suspense', 'Gore', 'Military', 'Survival']",2013
Steins;Gate 0,8.54,"['Drama', 'Sci-Fi', 'Suspense', 'Time Travel']",2018
Fate/Zero 2nd Season,8.54,"['Action', 'Fantasy', 'Urban Fantasy']",2012
Fruits Basket 2nd Season,8.54,"['Drama', 'Romance', 'Supernatural', 'School']",2020
Zoku Natsume Yuujinchou,8.53,"['Slice of Life', 'Supernatural', 'Iyashikei', 'Mythology']",2009
Bakuman. 3rd Season,8.52,"['Comedy', 'Drama', 'Romance', 'Otaku Culture']",2012
Gintama. Porori-hen,8.52,"['Action', 'Comedy', 'Sci-Fi', 'Gag Humor', 'Historical', 'Parody', 'Samurai']",2017
Shingeki no Kyojin Season 2,8.52,"['Action', 'Drama', 'Suspense', 'Gore', 'Military', 'Survival']",2017
Sora yori mo Tooi Basho,8.51,"['Adventure', 'Comedy', 'Drama', 'CGDCT']",2018
Samurai Champloo,8.51,"['Action', 'Adventure', 'Comedy', 'Historical', 'Samurai']",2004
Koukaku Kidoutai: Stand Alone Complex 2nd GIG,8.51,"['Action', 'Mystery', 'Sci-Fi', 'Adult Cast', 'Detective', 'Mecha', 'Military']",2004
Yuru Camp△ Season 2,8.51,"['Slice of Life', 'CGDCT', 'Iyashikei']",2021
Ousama Ranking,8.5,"['Adventure', 'Fantasy']",2021
JoJo no Kimyou na Bouken Part 4: Diamond wa Kudakenai,8.5,"['Action', 'Adventure', 'Super Power']",2016
Spy x Family,8.49,"['Action', 'Award Winning', 'Comedy', 'Childcare', 'Super Power']",2022
Yakusoku no Neverland,8.49,"['Mystery', 'Suspense', 'Psychological', 'Survival']",2019
One Punch Man,8.49,"['Action', 'Comedy', 'Adult Cast', 'Parody', 'Super Power']",2015
Mob Psycho 100,8.49,"['Action', 'Comedy', 'Supernatural']",2016
Ansatsu Kyoushitsu 2nd Season,8.48,"['Action', 'Comedy', 'School']",2016
Aria the Origination,8.48,"['Fantasy', 'Sci-Fi', 'Slice of Life', 'Iyashikei']",2008
Uchuu Kyoudai,8.48,"['Comedy', 'Adult Cast', 'Space', 'Workplace']",2012
Summertime Render,8.47,"['Mystery', 'Supernatural', 'Suspense', 'Time Travel']",2022
Nichijou,8.47,"['Comedy', 'Gag Humor', 'School']",2011
Chainsaw Man,8.47,"['Action', 'Fantasy', 'Gore', 'Urban Fantasy']",2022
Yuu☆Yuu☆Hakusho,8.46,"['Action', 'Supernatural', 'Martial Arts', 'Mythology']",1992
Chihayafuru 3,8.46,"['Drama', 'Sports', 'Love Polygon', 'School', 'Strategy Game']",2019
Rainbow: Nisha Rokubou no Shichinin,8.46,"['Drama', 'Suspense', 'Delinquents', 'Historical']",2010
Banana Fish,8.46,"['Action', 'Adventure', 'Drama', 'Suspense', 'Delinquents', 'Organized Crime', 'Psychological']",2018
Kimetsu no Yaiba,8.45,"['Action', 'Award Winning', 'Supernatural', 'Historical']",2019
Owarimonogatari,8.45,"['Comedy', 'Mystery', 'Supernatural', 'Vampire']",2015
Haikyuu!!,8.44,"['Sports', 'School', 'Team Sports']",2014
Grand Blue,8.44,"['Comedy', 'Adult Cast', 'Gag Humor']",2018
JoJo no Kimyou na Bouken Part 3: Stardust Crusaders - Egypt-hen,8.44,"['Action', 'Adventure', 'Super Power']",2015
Zoku Owarimonogatari,8.44,"['Comedy', 'Mystery', 'Supernatural', 'Vampire']",2019
Mushoku Tensei II: Isekai Ittara Honki Dasu Part 2,8.44,"['Adventure', 'Drama', 'Fantasy', 'Ecchi', 'Isekai', 'Reincarnation']",2024
Bungou Stray Dogs 4th Season,8.43,"['Action', 'Mystery', 'Adult Cast', 'Detective', 'Organized Crime', 'Super Power']",2023
Golden Kamuy 3rd Season,8.43,"['Action', 'Adventure', 'Adult Cast', 'Historical', 'Military']",2020
Re:Zero kara Hajimeru Isekai Seikatsu 2nd Season Part 2,8.43,"['Drama', 'Fantasy', 'Suspense', 'Isekai', 'Psychological', 'Time Travel']",2021
Hunter x Hunter,8.42,"['Action', 'Adventure', 'Fantasy']",1999
Mononoke,8.42,"['Horror', 'Mystery', 'Supernatural', 'Suspense', 'Adult Cast', 'Historical', 'Mythology', 'Psychological']",2007
Koukaku Kidoutai: Stand Alone Complex,8.42,"['Action', 'Award Winning', 'Mystery', 'Sci-Fi', 'Adult Cast', 'Detective', 'Mecha', 'Military']",2002
Kono Oto Tomare! Part 2,8.42,"['Drama', 'Music', 'School']",2019
Saiki Kusuo no Ψ-nan,8.41,"['Comedy', 'Gag Humor', 'School', 'Super Power']",2016
Saiki Kusuo no Ψ-nan 2,8.41,"['Comedy', 'Gag Humor', 'School', 'Super Power']",2018
Kaguya-sama wa Kokurasetai: Tensai-tachi no Renai Zunousen,8.4,"['Comedy', 'Romance', 'School']",2019
Houseki no Kuni,8.39,"['Action', 'Drama', 'Fantasy', 'Mystery', 'Anthropomorphic']",2017
Girls Band Cry,8.39,"['Drama', 'Music']",2024
Vivy: Fluorite Eye's Song,8.39,"['Action', 'Sci-Fi', 'Suspense', 'Music', 'Time Travel']",2021
Major S5,8.39,"['Sports', 'Team Sports']",2009
Karakai Jouzu no Takagi-san 3,8.39,"['Comedy', 'Love Status Quo', 'School']",2022
Chihayafuru 2,8.38,"['Drama', 'Sports', 'Love Polygon', 'School', 'Strategy Game']",2013
Kaze ga Tsuyoku Fuiteiru,8.38,"['Drama', 'Sports', 'Adult Cast', 'Racing']",2018
Cross Game,8.37,"['Drama', 'Romance', 'Sports', 'School', 'Team Sports']",2009
Haikyuu!! To the Top,8.37,"['Sports', 'School', 'Team Sports']",2020
Mahou Shoujo Madoka★Magica,8.37,"['Award Winning', 'Drama', 'Suspense', 'Mahou Shoujo', 'Psychological']",2011
Kono Subarashii Sekai ni Shukufuku wo! 3,8.37,"['Adventure', 'Comedy', 'Fantasy', 'Isekai', 'Parody']",2024
3-gatsu no Lion,8.37,"['Drama', 'Childcare', 'Strategy Game']",2016
Barakamon,8.37,"['Slice of Life', 'Childcare', 'Iyashikei', 'Visual Arts']",2014
Non Non Biyori Nonstop,8.36,"['Slice of Life', 'CGDCT', 'Iyashikei']",2021
Mushoku Tensei: Isekai Ittara Honki Dasu,8.36,"['Adventure', 'Drama', 'Fantasy', 'Ecchi', 'Isekai', 'Reincarnation']",2021
Tensei shitara Slime Datta Ken 2nd Season,8.36,"['Action', 'Comedy', 'Fantasy', 'Isekai', 'Reincarnation']",2021
Initial D First Stage,8.35,"['Action', 'Drama', 'Racing']",1998
Kimetsu no Yaiba: Mugen Ressha-hen,8.35,"['Action', 'Supernatural', 'Historical']",2021
Baccano!,8.35,"['Action', 'Mystery', 'Supernatural', 'Adult Cast', 'Historical', 'Organized Crime']",2007
Shinseiki Evangelion,8.35,"['Action', 'Avant Garde', 'Award Winning', 'Drama', 'Sci-Fi', 'Suspense', 'Mecha', 'Psychological']",1995
Yahari Ore no Seishun Love Comedy wa Machigatteiru. Kan,8.35,"['Comedy', 'Romance', 'Love Polygon', 'School']",2020
One Piece: Gyojin Tou-hen,8.34,"['Action', 'Adventure', 'Fantasy']",2024
Fumetsu no Anata e,8.34,"['Adventure', 'Drama', 'Supernatural']",2021
Versailles no Bara,8.34,"['Drama', 'Romance', 'Crossdressing', 'Historical', 'Military']",1979
Ao no Hako,8.34,"['Romance', 'Sports', 'School', 'Team Sports']",2024
IDOLiSH7 Third Beat! Part 2,8.34,"['Drama', 'Idols (Male)', 'Music']",2022
Bakuman. 2nd Season,8.34,"['Comedy', 'Drama', 'Romance', 'Otaku Culture']",2011
Psycho-Pass,8.33,"['Action', 'Mystery', 'Sci-Fi', 'Suspense', 'Adult Cast', 'Detective', 'Psychological']",2012
Usagi Drop,8.33,"['Slice of Life', 'Childcare', 'Iyashikei']",2011
Hibike! Euphonium 2,8.33,"['Drama', 'Music', 'Performing Arts', 'School']",2016
Re:Zero kara Hajimeru Isekai Seikatsu 2nd Season,8.33,"['Drama', 'Fantasy', 'Suspense', 'Isekai', 'Psychological', 'Time Travel']",2020
Dr. Stone: New World Part 2,8.33,"['Adventure', 'Comedy', 'Sci-Fi']",2023
Kiseijuu: Sei no Kakuritsu,8.33,"['Action', 'Horror', 'Sci-Fi', 'Suspense', 'Gore', 'Psychological']",2014
One Outs,8.32,"['Sports', 'Suspense', 'Adult Cast', 'Psychological', 'Team Sports']",2008
Ashita no Joe,8.32,"['Drama', 'Sports', 'Combat Sports']",1970
Kage no Jitsuryokusha ni Naritakute! 2nd Season,8.32,"['Action', 'Comedy', 'Fantasy', 'Isekai', 'Reincarnation']",2023
Bakemonogatari,8.32,"['Mystery', 'Romance', 'Supernatural', 'Vampire']",2009
Fate/stay night: Unlimited Blade Works 2nd Season,8.32,"['Action', 'Fantasy', 'Urban Fantasy']",2015
86,8.31,"['Action', 'Drama', 'Sci-Fi', 'Mecha', 'Military']",2021
Major S6,8.31,"['Sports', 'Team Sports']",2010
Romeo no Aoi Sora,8.31,"['Adventure', 'Drama', 'Historical']",1995
Tensei shitara Slime Datta Ken 2nd Season Part 2,8.31,"['Action', 'Comedy', 'Fantasy', 'Isekai', 'Reincarnation']",2021
NHK ni Youkoso!,8.31,"['Comedy', 'Drama', 'Romance', 'Suspense', 'Adult Cast', 'Otaku Culture', 'Psychological']",2006
Kaijuu 8-gou,8.3,"['Action', 'Sci-Fi', 'Adult Cast', 'Military']",2024
Boku dake ga Inai Machi,8.3,"['Mystery', 'Suspense', 'Psychological', 'Time Travel']",2016
Natsume Yuujinchou,8.3,"['Slice of Life', 'Supernatural', 'Iyashikei', 'Mythology']",2008
Katanagatari,8.3,"['Action', 'Adventure', 'Romance', 'Historical', 'Martial Arts']",2010
Ookami to Koushinryou II,8.3,"['Adventure', 'Drama', 'Romance', 'Supernatural', 'Adult Cast']",2009
Kemono no Souja Erin,8.3,"['Drama', 'Fantasy']",2009
Kingdom 2nd Season,8.3,"['Action', 'Historical', 'Military']",2013
Given,8.3,"['Boys Love', 'Drama', 'Music', 'School']",2019
Diamond no Ace: Second Season,8.3,"['Sports', 'School', 'Team Sports']",2015
Initial D Final Stage,8.29,['Racing'],2014
Sakamichi no Apollon,8.29,"['Drama', 'Romance', 'Historical', 'Love Polygon', 'Music', 'School']",2012
Ano Hi Mita Hana no Namae wo Bokutachi wa Mada Shiranai.,8.29,"['Drama', 'Supernatural']",2011
Beck,8.29,"['Drama', 'Music']",2004
Kuroko no Basket 3rd Season,8.29,"['Sports', 'School', 'Team Sports']",2015
Rurouni Kenshin: Meiji Kenkaku Romantan,8.28,"['Action', 'Comedy', 'Romance', 'Historical', 'Samurai']",1996
Yuukoku no Moriarty Part 2,8.28,"['Mystery', 'Suspense', 'Adult Cast', 'Historical', 'Organized Crime', 'Psychological']",2021
Kino no Tabi: The Beautiful World,8.28,"['Adventure', 'Drama', 'Fantasy']",2003
Gin no Saji 2nd Season,8.27,"['Comedy', 'School']",2014
Chi. Chikyuu no Undou ni Tsuite,8.27,"['Drama', 'Historical']",2024
Kage no Jitsuryokusha ni Naritakute!,8.27,"['Action', 'Comedy', 'Fantasy', 'Isekai', 'Reincarnation']",2022
Shirobako,8.27,"['Award Winning', 'Comedy', 'Drama', 'Adult Cast', 'Otaku Culture', 'Workplace']",2014
Naruto: Shippuuden,8.27,"['Action', 'Adventure', 'Fantasy', 'Martial Arts']",2007
Yuru Camp△,8.27,"['Slice of Life', 'CGDCT', 'Iyashikei']",2018
Ore dake Level Up na Ken,8.27,"['Action', 'Adventure', 'Fantasy', 'Adult Cast', 'Urban Fantasy']",2024
Diamond no Ace: Act II,8.27,"['Sports', 'School', 'Team Sports']",2019
Dr. Stone,8.27,"['Adventure', 'Comedy', 'Sci-Fi', 'Survival']",2019
Fate/Zero,8.27,"['Action', 'Fantasy', 'Urban Fantasy']",2011
Gyakkyou Burai Kaiji: Ultimate Survivor,8.26,"['Suspense', 'Adult Cast', 'High Stakes Game', 'Psychological', 'Strategy Game']",2007
Space☆Dandy 2nd Season,8.26,"['Comedy', 'Sci-Fi', 'Adult Cast', 'Space']",2014
Nodame Cantabile,8.26,"['Comedy', 'Romance', 'Adult Cast', 'Music']",2007
Tanoshii Muumin Ikka,8.26,"['Adventure', 'Fantasy', 'Slice of Life', 'Iyashikei']",1990
World Trigger 3rd Season,8.25,"['Action', 'Sci-Fi']",2021
Kono Subarashii Sekai ni Shukufuku wo! 2,8.25,"['Adventure', 'Comedy', 'Fantasy', 'Isekai', 'Parody']",2017
Shinsekai yori,8.25,"['Drama', 'Fantasy', 'Horror', 'Mystery', 'Sci-Fi', 'Suspense', 'Psychological']",2012
Dororo,8.25,"['Action', 'Adventure', 'Fantasy', 'Historical', 'Mythology', 'Samurai']",2019
Planetes,8.25,"['Award Winning', 'Drama', 'Romance', 'Sci-Fi', 'Adult Cast', 'Space', 'Workplace']",2003
Boku no Hero Academia 6th Season,8.25,"['Action', 'School', 'Super Power']",2022
Boku no Kokoro no Yabai Yatsu,8.24,"['Comedy', 'Romance', 'School']",2023
Dungeon ni Deai wo Motomeru no wa Machigatteiru Darou ka IV: Shin Shou - Yakusai-hen,8.24,"['Action', 'Adventure', 'Fantasy']",2023
Golden Kamuy 2nd Season,8.24,"['Action', 'Adventure', 'Adult Cast', 'Historical', 'Military']",2018
Kobayashi-san Chi no Maid Dragon S,8.24,"['Slice of Life', 'Supernatural']",2021
Gyakkyou Burai Kaiji: Hakairoku-hen,8.24,"['Suspense', 'Adult Cast', 'High Stakes Game', 'Psychological', 'Strategy Game']",2011
Seishun Buta Yarou wa Bunny Girl Senpai no Yume wo Minai,8.23,"['Drama', 'Romance', 'Supernatural', 'School']",2018
Kidou Senshi Gundam: Tekketsu no Orphans 2nd Season,8.23,"['Action', 'Drama', 'Sci-Fi', 'Mecha', 'Space']",2016
Re:Zero kara Hajimeru Isekai Seikatsu,8.23,"['Drama', 'Fantasy', 'Suspense', 'Isekai', 'Psychological', 'Time Travel']",2016
Kamisama Hajimemashita◎,8.23,"['Comedy', 'Romance', 'Supernatural', 'Mythology']",2015
Danshi Koukousei no Nichijou,8.23,"['Comedy', 'Gag Humor', 'School']",2012
Spy x Family Part 2,8.23,"['Action', 'Comedy', 'Childcare', 'Super Power']",2022
Mushoku Tensei II: Isekai Ittara Honki Dasu,8.23,"['Adventure', 'Drama', 'Fantasy', 'Ecchi', 'Isekai', 'Reincarnation']",2023
IDOLiSH7 Third Beat!,8.23,"['Drama', 'Idols (Male)', 'Music']",2021
Trigun,8.22,"['Action', 'Adventure', 'Sci-Fi', 'Adult Cast']",1998
Shoujo Shuumatsu Ryokou,8.22,"['Adventure', 'Mystery', 'Sci-Fi', 'Slice of Life', 'CGDCT', 'Iyashikei']",2017
Blue Lock,8.22,"['Sports', 'Team Sports']",2022
Yubisaki to Renren,8.22,"['Romance', 'Adult Cast']",2024
Nodame Cantabile Finale,8.22,"['Comedy', 'Romance', 'Adult Cast', 'Music']",2010
Shoujo Kakumei Utena,8.22,"['Award Winning', 'Drama', 'Fantasy', 'Mystery', 'Suspense', 'Mahou Shoujo', 'Psychological', 'School']",1997
SKET Dance,8.21,"['Comedy', 'School']",2011
Tengoku Daimakyou,8.21,"['Adventure', 'Mystery', 'Sci-Fi']",2023
BanG Dream! It's MyGO!!!!!,8.21,"['Drama', 'Music']",2023
Sasaki to Miyano,8.21,"['Boys Love', 'Otaku Culture', 'School']",2022
Major S3,8.21,"['Sports', 'Team Sports']",2007
Fruits Basket 1st Season,8.21,"['Drama', 'Romance', 'Supernatural', 'Love Polygon', 'School']",2019
Major S1,8.21,"['Sports', 'Team Sports']",2004
Ookami to Koushinryou,8.21,"['Adventure', 'Drama', 'Romance', 'Supernatural', 'Adult Cast']",2008
Magi: The Kingdom of Magic,8.21,"['Action', 'Adventure', 'Fantasy']",2013
Kimetsu no Yaiba: Katanakaji no Sato-hen,8.2,"['Action', 'Supernatural', 'Historical']",2023
Bungou Stray Dogs 3rd Season,8.2,"['Action', 'Mystery', 'Adult Cast', 'Detective', 'Organized Crime', 'Super Power']",2019
InuYasha: Kanketsu-hen,8.2,"['Action', 'Adventure', 'Fantasy', 'Romance', 'Historical', 'Love Polygon', 'Mythology', 'Time Travel']",2009
Kuroko no Basket 2nd Season,8.2,"['Sports', 'School', 'Team Sports']",2013
xxxHOLiC◆Kei,8.2,"['Comedy', 'Drama', 'Mystery', 'Supernatural']",2008
Yahari Ore no Seishun Love Comedy wa Machigatteiru. Zoku,8.2,"['Comedy', 'Romance', 'Love Polygon', 'School']",2015
Horimiya,8.2,"['Romance', 'School']",2021
Great Pretender,8.2,"['Action', 'Adventure', 'Mystery', 'Adult Cast', 'Organized Crime']",2020
Dragon Ball Z,8.19,"['Action', 'Adventure', 'Comedy', 'Fantasy', 'Martial Arts']",1989
Maison Ikkoku,8.19,"['Comedy', 'Drama', 'Romance', 'Adult Cast']",1986
Senki Zesshou Symphogear XV,8.19,"['Action', 'Sci-Fi', 'Idols (Female)', 'Music']",2019
Make Heroine ga Oosugiru!,8.19,"['Comedy', 'Romance', 'School']",2024
Vanitas no Karte Part 2,8.19,"['Action', 'Fantasy', 'Mystery', 'Historical', 'Urban Fantasy', 'Vampire']",2022
Hachimitsu to Clover II,8.19,"['Drama', 'Romance', 'Adult Cast', 'Love Polygon', 'Visual Arts']",2006
Asobi Asobase,8.19,"['Comedy', 'Gag Humor', 'School']",2018
Chihayafuru,8.18,"['Drama', 'Sports', 'Love Polygon', 'School', 'Strategy Game']",2011
Initial D Second Stage,8.18,"['Action', 'Drama', 'Racing']",1999
Non Non Biyori Repeat,8.18,"['Slice of Life', 'CGDCT', 'Iyashikei', 'School']",2015
Fate/stay night: Unlimited Blade Works,8.18,"['Action', 'Fantasy', 'Urban Fantasy']",2014
Nomad: Megalo Box 2,8.18,"['Sci-Fi', 'Sports', 'Adult Cast', 'Combat Sports']",2021
Major S2,8.18,"['Sports', 'Team Sports']",2006
Major S4,8.18,"['Sports', 'Team Sports']",2008
Ballroom e Youkoso,8.18,"['Sports', 'Performing Arts']",2017
Yuukoku no Moriarty,8.17,"['Mystery', 'Suspense', 'Adult Cast', 'Historical', 'Organized Crime', 'Psychological']",2020
Meitantei Conan,8.17,"['Adventure', 'Comedy', 'Mystery', 'Detective']",1996
Black Lagoon: The Second Barrage,8.17,"['Action', 'Adult Cast', 'Organized Crime']",2006
Initial D Fourth Stage,8.17,"['Action', 'Drama', 'Racing']",2004
Ao Ashi,8.17,"['Sports', 'Team Sports']",2022
Little Busters! Refrain,8.17,"['Comedy', 'Drama', 'Romance', 'School']",2013
Bakuman.,8.17,"['Comedy', 'Drama', 'Romance', 'Otaku Culture']",2010
Bungou Stray Dogs 2nd Season,8.17,"['Action', 'Mystery', 'Adult Cast', 'Detective', 'Organized Crime', 'Super Power']",2016
Cardcaptor Sakura,8.17,"['Adventure', 'Comedy', 'Drama', 'Romance', 'Mahou Shoujo', 'School']",1998
K-On!!,8.17,"['Award Winning', 'Comedy', 'CGDCT', 'Music', 'School']",2010
Sono Bisque Doll wa Koi wo Suru,8.16,"['Romance', 'Otaku Culture', 'School']",2022
Horimiya: Piece,8.16,"['Romance', 'School']",2023
Higurashi no Naku Koro ni Kai,8.16,"['Horror', 'Mystery', 'Suspense', 'Gore', 'Psychological']",2007
Aria the Natural,8.16,"['Fantasy', 'Sci-Fi', 'Slice of Life', 'Iyashikei']",2006
Lycoris Recoil,8.16,['Action'],2022
Ouran Koukou Host Club,8.16,"['Comedy', 'Romance', 'Crossdressing', 'Reverse Harem', 'School']",2006
Dr. Stone: Stone Wars,8.16,"['Adventure', 'Comedy', 'Sci-Fi', 'Survival']",2021
Toaru Kagaku no Railgun T,8.15,"['Action', 'Fantasy', 'Sci-Fi', 'Super Power']",2020
Dr. Stone: New World,8.15,"['Adventure', 'Comedy', 'Sci-Fi']",2023
Shinigami Bocchan to Kuro Maid 3rd Season,8.15,"['Comedy', 'Fantasy', 'Romance', 'Love Status Quo', 'Urban Fantasy']",2024
Kidou Senshi Gundam: The Origin - Zenya Akai Suisei,8.14,"['Action', 'Sci-Fi', 'Mecha', 'Military', 'Space']",2019
Kaiba,8.14,"['Adventure', 'Avant Garde', 'Award Winning', 'Mystery', 'Romance', 'Sci-Fi', 'Psychological']",2008
Noragami Aragoto,8.14,"['Action', 'Supernatural', 'Mythology']",2015
Black Clover,8.14,"['Action', 'Fantasy']",2017
Tensei shitara Slime Datta Ken,8.14,"['Action', 'Comedy', 'Fantasy', 'Isekai', 'Reincarnation']",2018
Death Parade,8.14,"['Drama', 'Fantasy', 'Suspense', 'Adult Cast', 'High Stakes Game', 'Psychological']",2015
Princess Tutu,8.13,"['Drama', 'Mystery', 'Romance', 'Anthropomorphic', 'Love Polygon', 'Mahou Shoujo', 'Performing Arts']",2002
Eizouken ni wa Te wo Dasu na!,8.13,"['Adventure', 'Award Winning', 'Comedy', 'Otaku Culture', 'School']",2020
Nodame Cantabile: Paris-hen,8.13,"['Comedy', 'Romance', 'Adult Cast', 'Music']",2008
Nisemonogatari,8.13,"['Comedy', 'Mystery', 'Supernatural', 'Ecchi']",2012
Lupin III: Part 5,8.13,"['Action', 'Adventure', 'Comedy', 'Mystery', 'Adult Cast']",2018
IDOLiSH7 Second Beat!,8.13,"['Drama', 'Idols (Male)', 'Music']",2020
Shokugeki no Souma,8.13,"['Gourmet', 'Ecchi', 'School']",2015
Kimetsu no Yaiba: Hashira Geiko-hen,8.13,"['Action', 'Supernatural', 'Historical']",2024
Golden Kamuy 4th Season,8.12,"['Action', 'Adventure', 'Adult Cast', 'Historical', 'Military']",2022
Gankutsuou,8.12,"['Award Winning', 'Drama', 'Mystery', 'Sci-Fi', 'Supernatural', 'Suspense']",2004
Seirei no Moribito,8.12,"['Action', 'Adventure', 'Fantasy']",2007
Katekyou Hitman Reborn!,8.12,"['Action', 'Comedy', 'Organized Crime', 'Super Power']",2006
Paripi Koumei,8.12,"['Comedy', 'Adult Cast', 'Music', 'Reincarnation', 'Showbiz']",2022
"Shangri-La Frontier: Kusoge Hunter, Kamige ni Idoman to su 2nd Season",8.12,"['Action', 'Adventure', 'Fantasy', 'Video Game']",2024
Hinamatsuri,8.12,"['Comedy', 'Childcare', 'Organized Crime', 'Super Power']",2018
Skip to Loafer,8.12,"['Drama', 'School']",2023
Fullmetal Alchemist,8.11,"['Action', 'Adventure', 'Award Winning', 'Drama', 'Fantasy', 'Military']",2003
Buddy Daddies,8.11,"['Action', 'Comedy', 'Childcare', 'Organized Crime']",2023
Kamisama Hajimemashita,8.11,"['Comedy', 'Romance', 'Supernatural', 'Mythology']",2012
Initial D Fifth Stage,8.11,"['Action', 'Drama', 'Racing']",2012
JoJo no Kimyou na Bouken Part 3: Stardust Crusaders,8.11,"['Action', 'Adventure', 'Super Power']",2014
Kuragehime,8.11,"['Comedy', 'Adult Cast', 'Crossdressing', 'Visual Arts']",2010
Diamond no Ace,8.11,"['Sports', 'School', 'Team Sports']",2013
Kidou Senshi Gundam 00,8.1,"['Action', 'Drama', 'Sci-Fi', 'Mecha', 'Military', 'Space']",2007
Kono Subarashii Sekai ni Shukufuku wo!,8.1,"['Adventure', 'Comedy', 'Fantasy', 'Isekai', 'Parody']",2016
Ookami to Koushinryou: Merchant Meets the Wise Wolf,8.1,"['Adventure', 'Drama', 'Romance', 'Supernatural', 'Adult Cast']",2024
Tsurune: Tsunagari no Issha,8.09,"['Sports', 'School']",2023
Gin no Saji,8.09,"['Comedy', 'School']",2013
Honzuki no Gekokujou: Shisho ni Naru Tame ni wa Shudan wo Erandeiraremasen 2nd Season,8.09,"['Fantasy', 'Isekai', 'Reincarnation']",2020
Ranma ½ (2024),8.09,"['Action', 'Comedy', 'Romance', 'Ecchi', 'Magical Sex Shift', 'Martial Arts', 'School']",2024
Youkoso Jitsuryoku Shijou Shugi no Kyoushitsu e 2nd Season,8.09,"['Drama', 'Suspense', 'Psychological', 'School']",2022
Mirai Shounen Conan,8.09,"['Adventure', 'Drama', 'Sci-Fi']",1978
Serial Experiments Lain,8.09,"['Avant Garde', 'Award Winning', 'Drama', 'Mystery', 'Sci-Fi', 'Supernatural', 'Suspense', 'Psychological']",1998
Durarara!!,8.09,"['Action', 'Mystery', 'Supernatural']",2010
Jigokuraku,8.09,"['Action', 'Adventure', 'Fantasy', 'Gore', 'Historical', 'Samurai']",2023
Fumetsu no Anata e Season 2,8.08,"['Adventure', 'Drama', 'Supernatural']",2022
Ansatsu Kyoushitsu,8.08,"['Action', 'Comedy', 'School']",2015
Zankyou no Terror,8.08,"['Mystery', 'Suspense', 'Detective', 'Psychological']",2014
Uchouten Kazoku 2,8.07,"['Comedy', 'Drama', 'Fantasy', 'Anthropomorphic', 'Mythology', 'Urban Fantasy']",2017
Boku no Hero Academia 2nd Season,8.07,"['Action', 'School', 'Super Power']",2017
Skip Beat!,8.07,"['Comedy', 'Drama', 'Romance', 'Love Polygon', 'Showbiz']",2008
Boku no Hero Academia 7th Season,8.07,"['Action', 'School', 'Super Power']",2024
Karasu wa Aruji wo Erabanai,8.07,"['Drama', 'Fantasy', 'Historical', 'Mythology']",2024
Honzuki no Gekokujou: Shisho ni Naru Tame ni wa Shudan wo Erandeiraremasen 3rd Season,8.07,"['Fantasy', 'Isekai', 'Reincarnation']",2022
Hikaru no Go,8.07,"['Comedy', 'Drama', 'Supernatural', 'School', 'Strategy Game']",2001
The Fable,8.07,"['Comedy', 'Suspense', 'Adult Cast', 'Organized Crime']",2024
Kanata no Astra,8.07,"['Adventure', 'Award Winning', 'Mystery', 'Sci-Fi', 'Suspense', 'Space', 'Survival']",2019
Shokugeki no Souma: Ni no Sara,8.07,"['Gourmet', 'Ecchi', 'School']",2016
"Shangri-La Frontier: Kusoge Hunter, Kamige ni Idoman to su",8.07,"['Action', 'Adventure', 'Fantasy', 'Video Game']",2023
Kidou Senshi Gundam 00 Second Season,8.07,"['Action', 'Drama', 'Sci-Fi', 'Mecha', 'Military', 'Space']",2008
Overlord IV,8.07,"['Action', 'Adventure', 'Fantasy', 'Isekai']",2022
Kimi wa Houkago Insomnia,8.07,"['Romance', 'School']",2023
City Hunter 2,8.06,"['Action', 'Comedy', 'Mystery']",1988
Kuroshitsuji: Book of Circus,8.06,"['Action', 'Mystery', 'Supernatural', 'Historical', 'Mythology']",2014
Hyouka,8.06,"['Mystery', 'Slice of Life', 'School']",2012
Spy x Family Season 2,8.06,"['Action', 'Comedy', 'Childcare', 'Super Power']",2023
Kidou Senshi Gundam: Tekketsu no Orphans,8.06,"['Action', 'Drama', 'Sci-Fi', 'Mecha', 'Space']",2015
Sakura-sou no Pet na Kanojo,8.06,"['Drama', 'Romance', 'School', 'Visual Arts']",2012
Uma Musume: Pretty Derby Season 2,8.06,"['Sports', 'Anthropomorphic', 'Racing']",2021
Mahoutsukai no Yome,8.06,"['Drama', 'Fantasy', 'Romance', 'Mythology', 'Urban Fantasy']",2017
World Trigger 2nd Season,8.05,"['Action', 'Sci-Fi']",2021
Yowamushi Pedal: Grande Road,8.05,"['Sports', 'Racing']",2014
No Game No Life,8.05,"['Comedy', 'Fantasy', 'Ecchi', 'Isekai', 'Strategy Game']",2014
Koukyoushihen Eureka Seven,8.05,"['Action', 'Adventure', 'Drama', 'Romance', 'Sci-Fi', 'Mecha']",2005
Toradora!,8.05,"['Drama', 'Romance', 'Love Polygon', 'School']",2008
Kodomo no Omocha (TV),8.05,"['Comedy', 'Drama', 'Romance', 'Love Polygon', 'Showbiz']",1996
Kuroko no Basket,8.05,"['Sports', 'School', 'Team Sports']",2012
Angel Beats!,8.05,"['Drama', 'Fantasy', 'School']",2010
Durarara!!x2 Ketsu,8.05,"['Action', 'Mystery', 'Supernatural']",2016
Dorohedoro,8.05,"['Action', 'Comedy', 'Fantasy', 'Horror', 'Gore']",2020
Darker than Black: Kuro no Keiyakusha,8.05,"['Action', 'Mystery', 'Sci-Fi', 'Super Power']",2007
Gosick,8.04,"['Drama', 'Mystery', 'Romance', 'Historical']",2011
NieR:Automata Ver1.1a Part 2,8.04,"['Action', 'Fantasy', 'Sci-Fi']",2024
Shijou Saikyou no Deshi Kenichi,8.04,"['Action', 'Comedy', 'Martial Arts', 'School']",2006
Azumanga Daiou The Animation,8.04,"['Comedy', 'CGDCT', 'Gag Humor', 'School']",2002
Glass no Kamen (2005),8.03,"['Drama', 'Romance', 'Performing Arts', 'Showbiz']",2005
Tsuki ga Kirei,8.03,"['Romance', 'School']",2017
Black Lagoon,8.03,"['Action', 'Adult Cast', 'Organized Crime']",2006
Kill la Kill,8.03,"['Action', 'Comedy', 'Fantasy', 'Ecchi', 'School', 'Urban Fantasy']",2013
5-toubun no Hanayome ∬,8.03,"['Comedy', 'Romance', 'Harem', 'School']",2021
Lovely★Complex,8.03,"['Comedy', 'Romance', 'School']",2007
Karakai Jouzu no Takagi-san 2,8.03,"['Comedy', 'Love Status Quo', 'School']",2019
Akatsuki no Yona,8.03,"['Adventure', 'Fantasy', 'Romance']",2014
Mairimashita! Iruma-kun 2nd Season,8.03,"['Comedy', 'Fantasy', 'Isekai', 'School']",2021
Dennou Coil,8.03,"['Adventure', 'Award Winning', 'Drama', 'Mystery', 'Sci-Fi']",2007
Full Metal Panic? Fumoffu,8.02,"['Action', 'Comedy', 'Gag Humor', 'School']",2003
Yuru Camp△ Season 3,8.02,"['Slice of Life', 'CGDCT', 'Iyashikei']",2024
Hibike! Euphonium,8.02,"['Drama', 'Music', 'Performing Arts', 'School']",2015
Ginga Nagareboshi Gin,8.02,"['Action', 'Adventure', 'Drama', 'Anthropomorphic']",1986
Kimi ni Todoke,8.02,"['Drama', 'Romance', 'School']",2009
Dungeon ni Deai wo Motomeru no wa Machigatteiru Darou ka V: Houjou no Megami-hen,8.01,"['Action', 'Adventure', 'Fantasy']",2024
Juuni Kokuki,8.01,"['Action', 'Adventure', 'Fantasy', 'Isekai']",2002
Magi: The Labyrinth of Magic,8.01,"['Action', 'Adventure', 'Fantasy']",2012
Slayers Next,8.01,"['Action', 'Adventure', 'Comedy', 'Fantasy']",1996
Toaru Kagaku no Railgun S,8.01,"['Action', 'Fantasy', 'Sci-Fi', 'Super Power']",2013
SK∞,8.01,"['Sports', 'Racing']",2021
Pui Pui Molcar,8.01,"['Comedy', 'Anthropomorphic']",2021
Shadows House 2nd Season,8.01,"['Fantasy', 'Mystery']",2022
"Komi-san wa, Comyushou desu. 2nd Season",8.01,"['Comedy', 'Love Status Quo', 'School']",2022
Saiunkoku Monogatari 2nd Season,8.0,"['Adventure', 'Fantasy', 'Romance', 'Historical', 'Reverse Harem']",2007
Yahari Ore no Seishun Love Comedy wa Machigatteiru.,8.0,"['Comedy', 'Romance', 'Love Polygon', 'School']",2013
D.Gray-man,8.0,"['Action', 'Adventure', 'Fantasy', 'Urban Fantasy']",2006
BanG Dream! 3rd Season,8.0,"['CGDCT', 'Music', 'School']",2020
Naruto,8.0,"['Action', 'Adventure', 'Fantasy', 'Martial Arts']",2002
Kaichou wa Maid-sama!,8.0,"['Comedy', 'Romance', 'School']",2010
Baby Steps 2nd Season,8.0,"['Sports', 'School']",2015
Boku no Hero Academia 3rd Season,8.0,"['Action', 'School', 'Super Power']",2018
Tokyo Magnitude 8.0,8.0,"['Award Winning', 'Drama']",2009
Kami nomi zo Shiru Sekai: Megami-hen,7.99,"['Comedy', 'Romance', 'Supernatural', 'Harem', 'Otaku Culture']",2013
Hachimitsu to Clover,7.99,"['Comedy', 'Drama', 'Romance', 'Adult Cast', 'Love Polygon', 'Visual Arts']",2005
Kimi ni Todoke 2nd Season,7.99,"['Drama', 'Romance', 'School']",2011
Zombieland Saga Revenge,7.99,"['Comedy', 'Supernatural', 'Idols (Female)', 'Music', 'Parody']",2021
Clannad,7.99,"['Drama', 'Romance', 'School']",2007
ef: A Tale of Melodies.,7.99,"['Drama', 'Mystery', 'Romance', 'Supernatural']",2008
Haibane Renmei,7.98,"['Drama', 'Fantasy', 'Mystery', 'Suspense', 'Psychological']",2002
Honzuki no Gekokujou: Shisho ni Naru Tame ni wa Shudan wo Erandeiraremasen,7.98,"['Fantasy', 'Isekai', 'Reincarnation']",2019
School Rumble Ni Gakki,7.98,"['Comedy', 'Romance', 'Gag Humor', 'Love Polygon', 'School']",2006
Hanada Shounen-shi,7.98,"['Comedy', 'Drama', 'Slice of Life', 'Supernatural']",2002
Touch,7.98,"['Drama', 'Romance', 'Sports', 'Love Polygon', 'School', 'Team Sports']",1985
Shokugeki no Souma: San no Sara,7.98,"['Gourmet', 'Ecchi', 'School']",2017
Bungou Stray Dogs Wan!,7.98,['Comedy'],2021
Rurouni Kenshin: Meiji Kenkaku Romantan - Kyoto Douran,7.97,"['Action', 'Historical', 'Samurai']",2024
Akagami no Shirayuki-hime 2nd Season,7.97,"['Drama', 'Romance', 'Medical']",2016
Kakushigoto,7.97,"['Comedy', 'Childcare', 'Gag Humor', 'Otaku Culture', 'Workplace']",2020
xxxHOLiC,7.97,"['Comedy', 'Drama', 'Mystery', 'Supernatural']",2006
Dragon Ball,7.97,"['Action', 'Adventure', 'Comedy', 'Fantasy', 'Martial Arts']",1986
Hyouge Mono,7.97,"['Adult Cast', 'Historical', 'Samurai', 'Visual Arts']",2011
Durarara!!x2 Shou,7.97,"['Action', 'Mystery', 'Supernatural']",2015
ReLIFE,7.96,"['Drama', 'Romance', 'School']",2016
Hokuto no Ken,7.96,"['Action', 'Drama', 'Sci-Fi', 'Gore', 'Martial Arts', 'Super Power']",1984
Youkoso Jitsuryoku Shijou Shugi no Kyoushitsu e 3rd Season,7.96,"['Drama', 'Suspense', 'Psychological', 'School']",2024
Bleach,7.96,"['Action', 'Adventure', 'Supernatural']",2004
Mahou Shoujo Lyrical Nanoha A's,7.96,"['Action', 'Comedy', 'Drama', 'Mahou Shoujo']",2005
Ookiku Furikabutte: Natsu no Taikai-hen,7.96,"['Sports', 'Team Sports']",2010
Youjo Senki,7.96,"['Action', 'Fantasy', 'Isekai', 'Military', 'Reincarnation']",2017
Maoujou de Oyasumi,7.96,"['Comedy', 'Fantasy', 'Parody']",2020
Durarara!!x2 Ten,7.96,"['Action', 'Mystery', 'Supernatural']",2015
Yofukashi no Uta,7.96,"['Romance', 'Supernatural', 'Vampire']",2022
Nagi no Asu kara,7.95,"['Drama', 'Fantasy', 'Romance', 'Love Polygon', 'Urban Fantasy']",2013
Working!!!,7.95,"['Comedy', 'Romance', 'Workplace']",2015
Bishoujo Senshi Sailor Moon: Sailor Stars,7.95,"['Adventure', 'Comedy', 'Drama', 'Romance', 'Mahou Shoujo']",1996
High Score Girl II,7.95,"['Comedy', 'Love Polygon', 'Love Status Quo', 'School', 'Video Game']",2019
Niehime to Kemono no Ou,7.95,"['Fantasy', 'Romance', 'Anthropomorphic']",2023
Kobato.,7.94,"['Adventure', 'Fantasy', 'Romance']",2009
Shokugeki no Souma: San no Sara - Tootsuki Ressha-hen,7.94,"['Gourmet', 'Ecchi', 'School']",2018
Non Non Biyori,7.94,"['Slice of Life', 'CGDCT', 'Iyashikei', 'School']",2013
Fate/Grand Order: Zettai Majuu Sensen Babylonia,7.94,"['Action', 'Fantasy', 'Isekai']",2019
Tate no Yuusha no Nariagari,7.94,"['Action', 'Adventure', 'Drama', 'Fantasy', 'Isekai']",2019
Kindaichi Shounen no Jikenbo,7.94,['Mystery'],1997
Kanon (2006),7.94,"['Drama', 'Romance', 'Supernatural']",2006
Noragami,7.94,"['Action', 'Supernatural', 'Mythology']",2014
Osomatsu-san,7.93,"['Comedy', 'Gag Humor', 'Parody']",2015
Nurarihyon no Mago: Sennen Makyou,7.93,"['Action', 'Supernatural', 'Mythology']",2011
Kobayashi-san Chi no Maid Dragon,7.93,"['Slice of Life', 'Supernatural']",2017
Mawaru Penguindrum,7.93,"['Avant Garde', 'Drama', 'Mystery', 'Supernatural', 'Suspense', 'Psychological']",2011
Hidamari Sketch x Honeycomb,7.93,"['Slice of Life', 'CGDCT', 'Iyashikei', 'School', 'Visual Arts']",2012
Atarashii Joushi wa Do Tennen,7.93,"['Slice of Life', 'Adult Cast', 'Iyashikei', 'Workplace']",2023
Kono Oto Tomare!,7.93,"['Drama', 'Music', 'School']",2019
Full Moon wo Sagashite,7.93,"['Comedy', 'Drama', 'Romance', 'Supernatural', 'Music', 'Showbiz']",2002
Wotaku ni Koi wa Muzukashii,7.93,"['Comedy', 'Romance', 'Adult Cast', 'Otaku Culture', 'Workplace']",2018
Takarajima,7.92,"['Adventure', 'Drama', 'Mystery', 'Historical']",1978
Love Live! Superstar!!,7.92,"['Slice of Life', 'Idols (Female)', 'Music', 'School']",2021
Touhai Densetsu Akagi: Yami ni Maiorita Tensai,7.92,"['Suspense', 'Adult Cast', 'High Stakes Game', 'Organized Crime', 'Psychological', 'Strategy Game']",2005
Phantom: Requiem for the Phantom,7.92,"['Action', 'Drama', 'Suspense', 'Organized Crime']",2009
Gochuumon wa Usagi desu ka? Bloom,7.92,"['Slice of Life', 'CGDCT', 'Iyashikei', 'Workplace']",2020
Yowamushi Pedal,7.92,"['Sports', 'Racing']",2013
Eyeshield 21,7.91,"['Sports', 'Team Sports']",2005
Kimi to Boku. 2,7.91,"['Slice of Life', 'Iyashikei', 'School']",2012
Full Metal Panic! The Second Raid,7.91,"['Action', 'Mecha', 'Military']",2005
Kidou Senshi Gundam: Suisei no Majo Season 2,7.91,"['Action', 'Sci-Fi', 'Mecha', 'School', 'Space']",2023
Overlord III,7.91,"['Action', 'Adventure', 'Fantasy', 'Isekai']",2018
Overlord,7.91,"['Action', 'Adventure', 'Fantasy', 'Isekai']",2015
Log Horizon,7.91,"['Action', 'Adventure', 'Fantasy', 'Adult Cast', 'Video Game']",2013
Yakitate!! Japan,7.91,"['Comedy', 'Gourmet']",2004
Yuru Yuri San☆Hai!,7.91,"['Comedy', 'Girls Love', 'CGDCT', 'Gag Humor', 'School']",2015
City Hunter,7.91,"['Action', 'Comedy', 'Mystery', 'Adult Cast']",1987
Plastic Memories,7.91,"['Drama', 'Romance', 'Sci-Fi']",2015
Kuuchuu Buranko,7.9,"['Avant Garde', 'Drama', 'Medical', 'Psychological']",2009
Les Misérables: Shoujo Cosette,7.9,"['Drama', 'Historical']",2007
Gakuen Babysitters,7.9,"['Slice of Life', 'Childcare', 'Iyashikei', 'School']",2018
Ore Monogatari!!,7.9,"['Comedy', 'Romance']",2015
Hidamari Sketch x ☆☆☆,7.9,"['Slice of Life', 'CGDCT', 'Iyashikei', 'School', 'Visual Arts']",2010
Kaleido Star,7.9,"['Comedy', 'Drama', 'Fantasy', 'Performing Arts']",2003
Ie Naki Ko Remy,7.9,"['Adventure', 'Drama', 'Historical']",1996
Vanitas no Karte,7.9,"['Action', 'Fantasy', 'Mystery', 'Historical', 'Urban Fantasy', 'Vampire']",2021
Tsue to Tsurugi no Wistoria,7.9,"['Action', 'Adventure', 'Fantasy', 'School']",2024
Yuri!!! on Ice,7.9,"['Award Winning', 'Sports', 'Performing Arts']",2016
Yagate Kimi ni Naru,7.89,"['Drama', 'Girls Love', 'School']",2018
Ushio to Tora (TV) 2nd Season,7.89,"['Action', 'Adventure', 'Supernatural', 'Mythology']",2016
Jormungand: Perfect Order,7.89,"['Action', 'Adventure', 'Adult Cast', 'Military', 'Organized Crime']",2012
Lupin III (2015),7.89,"['Action', 'Adventure', 'Comedy', 'Mystery', 'Adult Cast']",2015
Ginga Sengoku Gunyuuden Rai,7.89,"['Adventure', 'Romance', 'Sci-Fi', 'Space']",1994
School Rumble,7.89,"['Comedy', 'Romance', 'Gag Humor', 'Love Polygon', 'School']",2004
Macross,7.89,"['Action', 'Romance', 'Sci-Fi', 'Mecha', 'Military', 'Music', 'Space']",1982
Sakigake!! Cromartie Koukou,7.89,"['Comedy', 'Delinquents', 'Gag Humor', 'Parody', 'School']",2003
Mahoutsukai no Yome Season 2 Part 2,7.89,"['Drama', 'Fantasy', 'Romance', 'Mythology', 'School', 'Urban Fantasy']",2023
Zetsuen no Tempest,7.89,"['Action', 'Drama', 'Fantasy', 'Mystery', 'Suspense', 'Psychological', 'Urban Fantasy']",2012
Kidou Senshi Zeta Gundam,7.89,"['Action', 'Drama', 'Romance', 'Sci-Fi', 'Mecha', 'Military', 'Space']",1985
Zoku Sayonara Zetsubou Sensei,7.89,"['Comedy', 'Gag Humor', 'Parody', 'School']",2008
Ergo Proxy,7.89,"['Mystery', 'Sci-Fi', 'Suspense', 'Adult Cast', 'Psychological']",2006
Hanasaku Iroha,7.89,"['Drama', 'Workplace']",2011
Kingdom,7.89,"['Action', 'Historical', 'Military']",2012
Shirokuma Cafe,7.89,"['Slice of Life', 'Anthropomorphic', 'Iyashikei', 'Workplace']",2012
Berserk: Ougon Jidai-hen - Memorial Edition,7.89,"['Action', 'Adventure', 'Drama', 'Fantasy', 'Horror', 'Gore', 'Military']",2022
Yuzuki-san Chi no Yonkyoudai.,7.88,"['Slice of Life', 'School']",2023
Macross F,7.88,"['Action', 'Award Winning', 'Romance', 'Sci-Fi', 'Mecha', 'Military', 'Music', 'Space']",2008
Megalo Box,7.88,"['Sci-Fi', 'Sports', 'Adult Cast', 'Combat Sports']",2018
Drifters,7.88,"['Action', 'Adventure', 'Comedy', 'Fantasy', 'Adult Cast', 'Gore', 'Historical', 'Isekai', 'Military', 'Samurai']",2016
Space☆Dandy,7.88,"['Comedy', 'Sci-Fi', 'Adult Cast', 'Space']",2014
Hoozuki no Reitetsu 2nd Season,7.88,"['Comedy', 'Fantasy', 'Mythology']",2017
Tokyo Revengers,7.88,"['Action', 'Drama', 'Delinquents', 'Time Travel']",2021
Saiunkoku Monogatari,7.88,"['Adventure', 'Fantasy', 'Romance', 'Historical', 'Reverse Harem']",2006
Golden Kamuy,7.88,"['Action', 'Adventure', 'Adult Cast', 'Historical', 'Military']",2018
Ie Naki Ko,7.87,"['Adventure', 'Drama', 'Historical']",1977
Dragon Ball Daima,7.87,"['Action', 'Adventure', 'Comedy', 'Fantasy', 'Martial Arts']",2024
Undead Girl Murder Farce,7.87,"['Fantasy', 'Mystery', 'Adult Cast', 'Detective', 'Historical', 'Urban Fantasy', 'Vampire']",2023
JoJo no Kimyou na Bouken (TV),7.87,"['Action', 'Adventure', 'Supernatural', 'Historical', 'Vampire']",2012
Boku no Hero Academia 4th Season,7.87,"['Action', 'School', 'Super Power']",2019
Jigoku Shoujo Futakomori,7.87,"['Horror', 'Mystery', 'Supernatural', 'Suspense', 'Psychological']",2006
InuYasha,7.87,"['Action', 'Adventure', 'Fantasy', 'Romance', 'Historical', 'Love Polygon', 'Mythology', 'Time Travel']",2000
ef: A Tale of Memories.,7.87,"['Drama', 'Mystery', 'Romance']",2007
Ookiku Furikabutte,7.87,"['Sports', 'Team Sports']",2007
Higurashi no Naku Koro ni,7.87,"['Horror', 'Mystery', 'Suspense', 'Gore', 'Psychological']",2006
Cool Doji Danshi,7.86,"['Slice of Life', 'Adult Cast', 'Iyashikei']",2022
Paradise Kiss,7.86,"['Drama', 'Romance', 'School', 'Visual Arts']",2005
MF Ghost 2nd Season,7.86,['Racing'],2024
Magic Kaito 1412,7.86,"['Adventure', 'Comedy', 'Romance']",2014
Kidou Senshi Gundam: Suisei no Majo,7.86,"['Action', 'Sci-Fi', 'Mecha', 'School', 'Space']",2022
Doraemon (1979),7.86,"['Adventure', 'Comedy', 'Fantasy', 'Sci-Fi', 'Anthropomorphic', 'Kids', 'Shounen']",1979
Urusei Yatsura (2022) 2nd Season,7.86,"['Comedy', 'Romance', 'Sci-Fi']",2024
Giji Harem,7.86,"['Comedy', 'Romance', 'Love Status Quo', 'School']",2024
Zan Sayonara Zetsubou Sensei,7.86,"['Comedy', 'Gag Humor', 'Parody', 'School']",2009
Terra e... (TV),7.86,"['Action', 'Drama', 'Sci-Fi', 'Military', 'Space', 'Super Power']",2007
Tonikaku Kawaii,7.86,"['Comedy', 'Romance']",2020
Kami nomi zo Shiru Sekai II,7.86,"['Comedy', 'Romance', 'Supernatural', 'Harem', 'Otaku Culture']",2011
Kuroshitsuji: Kishuku Gakkou-hen,7.86,"['Action', 'Mystery', 'Supernatural', 'Historical', 'Mythology', 'School']",2024
K-On!,7.86,"['Comedy', 'CGDCT', 'Music', 'School']",2009
Tennis no Oujisama,7.85,"['Sports', 'School']",2001
Heartcatch Precure!,7.85,"['Action', 'Comedy', 'Mahou Shoujo']",2010
Boku no Hero Academia,7.85,"['Action', 'School', 'Super Power']",2016
Carole & Tuesday,7.85,"['Drama', 'Sci-Fi', 'Music']",2019
Oniisama e...,7.85,"['Drama', 'Girls Love', 'Psychological', 'School']",1991
Hoozuki no Reitetsu 2nd Season: Sono Ni,7.85,"['Comedy', 'Fantasy', 'Mythology']",2018
Soul Eater,7.85,"['Action', 'Comedy', 'Fantasy', 'School']",2008
Youkoso Jitsuryoku Shijou Shugi no Kyoushitsu e,7.85,"['Drama', 'Suspense', 'Psychological', 'School']",2017
Machikado Mazoku: 2-choume,7.85,"['Comedy', 'CGDCT', 'Mahou Shoujo', 'School']",2022
Sayonara Zetsubou Sensei,7.85,"['Comedy', 'Gag Humor', 'Parody', 'School']",2007
Yume-iro Pâtissière,7.84,"['Gourmet', 'School']",2009
Beelzebub,7.84,"['Action', 'Comedy', 'Supernatural', 'Childcare', 'Delinquents', 'Mythology', 'School']",2011
Musekinin Kanchou Tylor,7.84,"['Comedy', 'Sci-Fi', 'Adult Cast', 'Military', 'Parody', 'Space']",1993
"Komi-san wa, Comyushou desu.",7.84,"['Comedy', 'Love Status Quo', 'School']",2021
Magi: Sinbad no Bouken (TV),7.84,"['Action', 'Adventure', 'Fantasy']",2016
Dark Gathering,7.84,"['Horror', 'Supernatural', 'Gore']",2023
Jibaku Shounen Hanako-kun,7.83,"['Supernatural', 'School']",2020
Tsuki ga Michibiku Isekai Douchuu 2nd Season,7.83,"['Action', 'Adventure', 'Comedy', 'Fantasy', 'Isekai']",2024
Michiko to Hatchin,7.83,"['Action', 'Adventure']",2008
Trigun Stampede,7.83,"['Action', 'Adventure', 'Sci-Fi', 'Adult Cast']",2023
91 Days,7.83,"['Action', 'Drama', 'Suspense', 'Adult Cast', 'Historical', 'Organized Crime']",2016
Otonari no Tenshi-sama ni Itsunomanika Dame Ningen ni Sareteita Ken,7.83,"['Romance', 'School']",2023
Nige Jouzu no Wakagimi,7.83,"['Adventure', 'Comedy', 'Historical', 'Samurai']",2024
Tokyo Revengers: Tenjiku-hen,7.83,"['Action', 'Drama', 'Delinquents', 'Time Travel']",2023
Hidamari Sketch x 365,7.83,"['Slice of Life', 'CGDCT', 'Iyashikei', 'School', 'Visual Arts']",2008
Seihou Bukyou Outlaw Star,7.83,"['Action', 'Adventure', 'Comedy', 'Sci-Fi', 'Space']",1998
Tiger & Bunny,7.83,"['Action', 'Comedy', 'Mystery', 'Sci-Fi', 'Adult Cast', 'Super Power']",2011
Tentai Senshi Sunred 2nd Season,7.83,"['Comedy', 'Gag Humor', 'Parody', 'Super Power']",2009
Dance Dance Danseur,7.82,"['Drama', 'Performing Arts']",2022
Enen no Shouboutai: Ni no Shou,7.82,"['Action', 'Fantasy', 'Sci-Fi', 'Urban Fantasy']",2020
Suzumiya Haruhi no Yuuutsu,7.82,"['Award Winning', 'Comedy', 'Mystery', 'Sci-Fi', 'School']",2006
Somali to Mori no Kamisama,7.82,"['Adventure', 'Drama', 'Fantasy', 'Anthropomorphic', 'Childcare']",2020
Gekkan Shoujo Nozaki-kun,7.82,"['Comedy', 'Romance', 'Otaku Culture', 'School']",2014
Yuusha-Ou GaoGaiGar,7.82,"['Action', 'Adventure', 'Sci-Fi', 'Mecha', 'Super Power']",1997
Id:Invaded,7.82,"['Mystery', 'Sci-Fi', 'Suspense', 'Adult Cast', 'Detective', 'Psychological']",2020
Hug tto! Precure,7.82,"['Action', 'Mahou Shoujo']",2018
Mairimashita! Iruma-kun 3rd Season,7.82,"['Comedy', 'Fantasy', 'Isekai', 'School']",2022
Akachan to Boku,7.82,"['Comedy', 'Drama', 'Childcare']",1996
Uchouten Kazoku,7.82,"['Award Winning', 'Comedy', 'Drama', 'Fantasy', 'Anthropomorphic', 'Mythology', 'Urban Fantasy']",2013
Capeta,7.81,"['Sports', 'Racing']",2005
Yuru Yuri♪♪,7.81,"['Comedy', 'Girls Love', 'CGDCT', 'Gag Humor', 'School']",2012
Working'!!,7.81,"['Comedy', 'Love Status Quo', 'Workplace']",2011
Fairy Tail: 100-nen Quest,7.81,"['Action', 'Adventure', 'Fantasy']",2024
Gungrave,7.81,"['Action', 'Drama', 'Sci-Fi', 'Adult Cast', 'Gore', 'Organized Crime', 'Super Power']",2003
Tanaka-kun wa Itsumo Kedaruge,7.81,"['Slice of Life', 'Iyashikei', 'School']",2016
Little Witch Academia (TV),7.81,"['Adventure', 'Comedy', 'Fantasy', 'School']",2017
Sonny Boy,7.81,"['Award Winning', 'Mystery', 'Isekai', 'Super Power']",2021
Tasogare Otome x Amnesia,7.81,"['Horror', 'Mystery', 'Romance', 'Supernatural', 'School']",2012
Sekaiichi Hatsukoi 2,7.81,"['Boys Love', 'Adult Cast', 'Otaku Culture', 'Workplace']",2011
Mashle: Shinkakusha Kouho Senbatsu Shiken-hen,7.81,"['Action', 'Comedy', 'Fantasy', 'Gag Humor', 'Parody', 'School']",2024
Bungou Stray Dogs,7.81,"['Action', 'Mystery', 'Adult Cast', 'Detective', 'Organized Crime', 'Super Power']",2016
Jungle wa Itsumo Hare nochi Guu,7.8,"['Comedy', 'Slice of Life', 'Gag Humor', 'School']",2001
Blue Period,7.8,"['Drama', 'School', 'Visual Arts']",2021
Akage no Anne,7.8,"['Drama', 'Historical']",1979
Go! Princess Precure,7.8,"['Action', 'Comedy', 'Mahou Shoujo', 'School']",2015
Shadows House,7.8,"['Fantasy', 'Mystery']",2021
Beastars,7.8,"['Drama', 'Suspense', 'Anthropomorphic', 'Psychological', 'School']",2019
Slayers Try,7.8,"['Action', 'Adventure', 'Comedy', 'Fantasy']",1997
Eikoku Koi Monogatari Emma: Molders-hen,7.8,"['Drama', 'Romance', 'Adult Cast', 'Historical']",2007
Baby Steps,7.8,"['Sports', 'School']",2014
Love Live! Superstar!! 3rd Season,7.8,"['Slice of Life', 'Idols (Female)', 'Music', 'School']",2024
Mahoujin Guruguru (2017),7.8,"['Adventure', 'Comedy', 'Fantasy', 'Parody']",2017
Crayon Shin-chan,7.8,"['Comedy', 'Ecchi', 'School']",1992
City Hunter 3,7.8,"['Action', 'Comedy', 'Mystery']",1989
Tokyo Ghoul,7.79,"['Action', 'Fantasy', 'Horror', 'Suspense', 'Gore', 'Psychological', 'Urban Fantasy']",2014
Ginga Eiyuu Densetsu: Die Neue These - Kaikou,7.79,"['Drama', 'Sci-Fi', 'Adult Cast', 'Military', 'Space']",2018
Wolf's Rain,7.79,"['Action', 'Adventure', 'Drama', 'Fantasy', 'Mystery', 'Sci-Fi']",2003
Jormungand,7.79,"['Action', 'Adventure', 'Adult Cast', 'Military', 'Organized Crime']",2012
Igano Kabamaru,7.79,"['Action', 'Adventure', 'Comedy', 'Romance', 'School']",1983
Taishou Otome Otogibanashi,7.79,"['Comedy', 'Drama', 'Romance', 'Historical']",2021
Yamada-kun to Lv999 no Koi wo Suru,7.79,"['Romance', 'Video Game']",2023
Yoru no Kurage wa Oyogenai,7.79,"['Drama', 'Music']",2024
Kochira Katsushikaku Kameari Kouenmae Hashutsujo,7.78,"['Comedy', 'Adult Cast', 'Detective', 'Gag Humor']",1996
Heike Monogatari,7.78,"['Drama', 'Supernatural', 'Historical', 'Samurai']",2022
Seikai no Senki II,7.78,"['Action', 'Romance', 'Sci-Fi', 'Military', 'Space']",2001
Turn A Gundam,7.78,"['Action', 'Adventure', 'Award Winning', 'Drama', 'Romance', 'Sci-Fi', 'Mecha', 'Military', 'Space']",1999
Digimon Adventure,7.78,"['Action', 'Adventure', 'Comedy', 'Fantasy', 'Isekai']",1999
Kekkai Sensen & Beyond,7.78,"['Action', 'Fantasy', 'Super Power', 'Urban Fantasy', 'Vampire']",2017
Last Exile,7.78,"['Action', 'Adventure', 'Sci-Fi']",2003
Isekai Ojisan,7.78,"['Comedy', 'Fantasy', 'Adult Cast', 'Isekai', 'Otaku Culture', 'Parody']",2022
Ranma ½,7.77,"['Action', 'Comedy', 'Romance', 'Ecchi', 'Magical Sex Shift', 'Martial Arts', 'School']",1989
Hoozuki no Reitetsu,7.77,"['Comedy', 'Fantasy', 'Mythology']",2014
Pokemon XY&Z,7.77,"['Action', 'Adventure', 'Comedy', 'Fantasy']",2015
Undead Unluck,7.77,"['Action', 'Comedy', 'Super Power']",2023
Gochuumon wa Usagi desu ka??,7.77,"['Slice of Life', 'CGDCT', 'Iyashikei', 'Workplace']",2015
Beastars 2nd Season,7.77,"['Drama', 'Suspense', 'Anthropomorphic', 'Psychological', 'School']",2021
Ginga Tetsudou 999,7.77,"['Adventure', 'Drama', 'Sci-Fi', 'Space']",1978
Lupin III: Part II,7.77,"['Action', 'Adventure', 'Comedy', 'Mystery', 'Adult Cast']",1977
Akagami no Shirayuki-hime,7.76,"['Drama', 'Romance', 'Medical']",2015
Mahoutsukai no Yome Season 2,7.76,"['Drama', 'Fantasy', 'Romance', 'Mythology', 'School', 'Urban Fantasy']",2023
Zom 100: Zombie ni Naru made ni Shitai 100 no Koto,7.76,"['Action', 'Comedy', 'Horror', 'Suspense', 'Adult Cast', 'Gore', 'Survival']",2023
Tentai Senshi Sunred,7.76,"['Comedy', 'Gag Humor', 'Parody', 'Super Power']",2008
Dragon Ball Kai,7.76,"['Action', 'Adventure', 'Comedy', 'Fantasy', 'Martial Arts']",2009
Saenai Heroine no Sodatekata ♭,7.76,"['Comedy', 'Romance', 'Ecchi', 'Harem', 'Otaku Culture', 'School']",2017
Lupin the Third: Mine Fujiko to Iu Onna,7.76,"['Action', 'Adventure', 'Award Winning', 'Comedy', 'Ecchi', 'Adult Cast', 'Samurai']",2012
Kidou Senshi Gundam,7.76,"['Action', 'Drama', 'Sci-Fi', 'Mecha', 'Military', 'Space']",1979
Tomo-chan wa Onnanoko!,7.76,"['Comedy', 'Romance', 'School']",2023
Texhnolyze,7.76,"['Avant Garde', 'Drama', 'Mystery', 'Sci-Fi', 'Suspense', 'Adult Cast', 'Organized Crime', 'Psychological']",2003
Love Live! School Idol Project 2nd Season,7.76,"['Award Winning', 'Slice of Life', 'Idols (Female)', 'Music', 'School']",2014
Saint Seiya,7.76,"['Action', 'Adventure', 'Fantasy', 'Sci-Fi', 'Mythology']",1986
Taiyou no Ko Esteban,7.75,"['Adventure', 'Sci-Fi', 'Historical']",1982
Saraiya Goyou,7.75,"['Drama', 'Adult Cast', 'Historical', 'Samurai']",2010
Lucky☆Star,7.75,"['Comedy', 'CGDCT', 'Gag Humor', 'Otaku Culture', 'School']",2007
Charlotte,7.75,"['Drama', 'School', 'Super Power']",2015
"Tadaima, Okaeri",7.75,"['Boys Love', 'Slice of Life', 'Childcare']",2024
Gakkou no Kaidan,7.75,"['Horror', 'Mystery', 'Supernatural']",2000
Kumichou Musume to Sewagakari,7.75,"['Slice of Life', 'Childcare', 'Organized Crime']",2022
Wind Breaker,7.75,"['Action', 'Delinquents', 'School']",2024
City Hunter '91,7.75,"['Action', 'Comedy', 'Mystery']",1991
Maria-sama ga Miteru 4th,7.75,"['Drama', 'Girls Love', 'School']",2009
Date A Live IV,7.75,"['Action', 'Fantasy', 'Romance', 'Sci-Fi', 'Harem', 'School']",2022
Princess Connect! Re:Dive Season 2,7.75,"['Adventure', 'Comedy', 'Fantasy', 'Gourmet']",2022
High Score Girl,7.75,"['Comedy', 'Love Polygon', 'Love Status Quo', 'School', 'Video Game']",2018
Overlord II,7.75,"['Action', 'Adventure', 'Fantasy', 'Isekai']",2018
Shokugeki no Souma: Shin no Sara,7.74,"['Gourmet', 'Ecchi', 'School']",2019
Udon no Kuni no Kiniro Kemari,7.74,"['Slice of Life', 'Supernatural', 'Anthropomorphic', 'Childcare', 'Iyashikei']",2016
Inazuma Eleven,7.74,"['Sports', 'Super Power', 'Team Sports']",2008
Golden Time,7.74,"['Drama', 'Romance', 'Adult Cast', 'Love Polygon']",2013
Dungeon ni Deai wo Motomeru no wa Machigatteiru Darou ka IV: Shin Shou - Meikyuu-hen,7.74,"['Action', 'Adventure', 'Fantasy']",2022
Gundam Build Fighters,7.74,"['Action', 'Sci-Fi', 'Mecha']",2013
Grisaia no Rakuen,7.74,"['Drama', 'Romance', 'Suspense', 'Harem', 'Psychological']",2015
Kidou Senshi Gundam SEED,7.74,"['Action', 'Award Winning', 'Drama', 'Romance', 'Sci-Fi', 'Mecha', 'Military', 'Space']",2002
Ghost Hunt,7.74,"['Horror', 'Mystery', 'Supernatural']",2006
Higashi no Eden,7.74,"['Award Winning', 'Mystery', 'Romance', 'Sci-Fi', 'Suspense', 'Adult Cast', 'Psychological']",2009
Kimi no Koto ga Daidaidaidaidaisuki na 100-nin no Kanojo,7.74,"['Comedy', 'Romance', 'Harem', 'Parody', 'School']",2023
Mairimashita! Iruma-kun,7.74,"['Comedy', 'Fantasy', 'Isekai', 'School']",2019
Genshiken 2,7.74,"['Slice of Life', 'Adult Cast', 'Otaku Culture', 'Parody']",2007
Claymore,7.73,"['Action', 'Adventure', 'Fantasy', 'Gore']",2007
Dragon Quest: Dai no Daibouken (2020),7.73,"['Action', 'Adventure', 'Fantasy']",2020
Ani ni Tsukeru Kusuri wa Nai! 2,7.73,"['Comedy', 'School']",2018
Tantei Gakuen Q,7.73,"['Comedy', 'Drama', 'Mystery', 'Detective']",2003
Watashi no Shiawase na Kekkon,7.73,"['Drama', 'Fantasy', 'Romance', 'Adult Cast', 'Historical']",2023
Shaman King,7.73,"['Action', 'Adventure', 'Supernatural']",2001
Kokoro Connect,7.73,"['Drama', 'Romance', 'Supernatural', 'Love Polygon', 'School']",2012
Panty & Stocking with Garterbelt,7.73,"['Action', 'Comedy', 'Fantasy', 'Ecchi', 'Gag Humor', 'Parody']",2010
Tomodachi Game,7.72,"['Suspense', 'High Stakes Game', 'Psychological', 'Strategy Game']",2022
Kyou kara Maou! 3rd Series,7.72,"['Adventure', 'Comedy', 'Fantasy', 'Isekai']",2008
Migi to Dali,7.72,"['Comedy', 'Mystery', 'Suspense']",2023
Kyoukai no Kanata,7.72,"['Action', 'Supernatural', 'School']",2013
Mujin Wakusei Survive,7.72,"['Action', 'Adventure', 'Fantasy', 'Sci-Fi', 'Slice of Life']",2003
Slayers,7.72,"['Action', 'Adventure', 'Comedy', 'Fantasy']",1995
Shiki,7.72,"['Horror', 'Mystery', 'Supernatural', 'Suspense', 'Gore', 'Psychological', 'Vampire']",2010
Ueki no Housoku,7.72,"['Action', 'Adventure', 'Supernatural', 'Super Power']",2005
Hataraku Maou-sama!,7.72,"['Comedy', 'Supernatural']",2013
Kageki Shoujo!!,7.72,"['Drama', 'Performing Arts', 'School']",2021
Ojamajo Doremi Dokkaan!,7.72,"['Comedy', 'Fantasy']",2002
"Doukyonin wa Hiza, Tokidoki, Atama no Ue.",7.72,"['Slice of Life', 'Adult Cast', 'Pets']",2019
Doraemon (2005),7.71,"['Comedy', 'Sci-Fi', 'Anthropomorphic', 'Kids', 'Shounen']",2005
Urusei Yatsura,7.71,"['Comedy', 'Romance', 'Sci-Fi']",1981
Tegamibachi Reverse,7.71,"['Adventure', 'Fantasy']",2010
Yamato Nadeshiko Shichihenge♥,7.71,"['Comedy', 'Reverse Harem']",2006
Arakawa Under the Bridge x Bridge,7.71,"['Comedy', 'Romance']",2010
Enen no Shouboutai,7.71,"['Action', 'Fantasy', 'Sci-Fi', 'Urban Fantasy']",2019
Chi's Sweet Home: Atarashii Ouchi,7.71,"['Comedy', 'Slice of Life', 'Pets']",2009
"Gate: Jieitai Kanochi nite, Kaku Tatakaeri Part 2",7.71,"['Action', 'Adventure', 'Fantasy', 'Isekai', 'Military']",2016
Jinrui wa Suitai Shimashita,7.71,"['Adventure', 'Comedy', 'Fantasy']",2012
Sidonia no Kishi: Daikyuu Wakusei Seneki,7.71,"['Action', 'Sci-Fi', 'Mecha', 'Space']",2015
Tsuki ga Michibiku Isekai Douchuu,7.71,"['Action', 'Adventure', 'Comedy', 'Fantasy', 'Isekai']",2021
Joshikousei no Mudazukai,7.7,"['Comedy', 'CGDCT', 'Gag Humor', 'School']",2019
Tetsuwan Birdy Decode:02,7.7,"['Action', 'Comedy', 'Sci-Fi']",2009
Keroro Gunsou,7.7,"['Comedy', 'Sci-Fi', 'Parody']",2004
Uramichi Oniisan,7.7,"['Comedy', 'Adult Cast', 'Gag Humor', 'Showbiz', 'Workplace']",2021
Dragon Ball Kai (2014),7.7,"['Action', 'Adventure', 'Comedy', 'Fantasy', 'Martial Arts']",2014
Watashi no Ashinaga Ojisan,7.7,"['Comedy', 'Romance', 'Historical', 'School']",1990
Chuunibyou demo Koi ga Shitai!,7.7,"['Comedy', 'Romance', 'School']",2012
Hourou Musuko,7.69,"['Drama', 'Romance', 'Crossdressing', 'School']",2011
Kidou Keisatsu Patlabor: On Television,7.69,"['Action', 'Comedy', 'Sci-Fi', 'Adult Cast', 'Mecha', 'Workplace']",1989
New Game!!,7.69,"['Comedy', 'Adult Cast', 'CGDCT', 'Otaku Culture', 'Workplace']",2017
Fruits Basket,7.69,"['Drama', 'Romance', 'Supernatural', 'Love Polygon', 'School']",2001
Kyousou Giga (TV),7.69,"['Action', 'Fantasy']",2013
Date A Live V,7.69,"['Action', 'Fantasy', 'Romance', 'Sci-Fi', 'Harem', 'School']",2024
IDOLiSH7,7.69,"['Drama', 'Idols (Male)', 'Music']",2018
Hakumei to Mikochi,7.69,"['Fantasy', 'Slice of Life', 'Anthropomorphic', 'Iyashikei']",2018
The iDOLM@STER Cinderella Girls: U149,7.69,"['Slice of Life', 'Idols (Female)', 'Music']",2023
Hanasakeru Seishounen,7.69,"['Drama', 'Romance', 'Reverse Harem']",2009
D.Gray-man Hallow,7.68,"['Action', 'Adventure', 'Fantasy', 'Urban Fantasy']",2016
"Gate: Jieitai Kanochi nite, Kaku Tatakaeri",7.68,"['Action', 'Adventure', 'Fantasy', 'Isekai', 'Military']",2015
Love Live! Superstar!! 2nd Season,7.68,"['Slice of Life', 'Idols (Female)', 'Music', 'School']",2022
Isekai Shokudou 2,7.68,"['Fantasy', 'Gourmet', 'Slice of Life', 'Isekai', 'Workplace']",2021
Ani ni Tsukeru Kusuri wa Nai! 3,7.68,"['Comedy', 'School']",2019
Seitokai Yakuindomo*,7.68,"['Comedy', 'Gag Humor', 'School']",2014
Karakai Jouzu no Takagi-san,7.68,"['Comedy', 'Love Status Quo', 'School']",2018
Uchuu Kaizoku Captain Herlock,7.68,"['Action', 'Adventure', 'Drama', 'Sci-Fi', 'Space']",1978
Aria the Animation,7.68,"['Fantasy', 'Sci-Fi', 'Slice of Life', 'Iyashikei']",2005
Tensei shitara Slime Datta Ken 3rd Season,7.68,"['Action', 'Comedy', 'Fantasy', 'Isekai', 'Reincarnation']",2024
Princess Sara,7.68,"['Drama', 'Historical', 'School']",1985
Junjou Romantica 2,7.68,"['Boys Love', 'Comedy', 'Drama', 'Adult Cast']",2008
3D Kanojo: Real Girl 2nd Season,7.67,"['Romance', 'Otaku Culture', 'School']",2019
Shin Kidou Senki Gundam Wing,7.67,"['Action', 'Drama', 'Sci-Fi', 'Mecha', 'Military', 'Space']",1995
Chi's Sweet Home,7.67,"['Comedy', 'Slice of Life', 'Pets']",2008
Tsurune: Kazemai Koukou Kyuudou-bu,7.67,"['Sports', 'School']",2018
Princess Principal,7.67,"['Action', 'Mystery', 'Historical']",2017
Yuuki Yuuna wa Yuusha de Aru: Washio Sumi no Shou,7.67,"['Drama', 'Mahou Shoujo']",2017
Shuumatsu Nani Shitemasu ka? Isogashii desu ka? Sukutte Moratte Ii desu ka?,7.67,"['Drama', 'Fantasy', 'Romance', 'Sci-Fi']",2017
Kanojo to Kanojo no Neko: Everything Flows,7.67,"['Slice of Life', 'Pets']",2016
Soukou Kihei Votoms,7.67,"['Action', 'Drama', 'Sci-Fi', 'Mecha', 'Military', 'Space']",1983
Space Cobra,7.67,"['Action', 'Adventure', 'Sci-Fi', 'Adult Cast', 'Space']",1982
Baka to Test to Shoukanjuu Ni!,7.67,"['Comedy', 'Romance', 'Love Polygon', 'School', 'Super Power']",2011
Hayate no Gotoku!!,7.66,"['Action', 'Comedy', 'Romance', 'Harem', 'Parody']",2009
Shoujo☆Kageki Revue Starlight,7.66,"['Drama', 'Music', 'Performing Arts', 'School']",2018
ACCA: 13-ku Kansatsu-ka,7.66,"['Drama', 'Mystery', 'Adult Cast', 'Detective']",2017
Akebi-chan no Sailor-fuku,7.66,"['Slice of Life', 'CGDCT', 'School']",2022
Kindaichi Shounen no Jikenbo Returns 2nd Season,7.66,['Mystery'],2015
Cardcaptor Sakura: Clear Card-hen,7.66,"['Adventure', 'Comedy', 'Romance', 'Mahou Shoujo']",2018
Love Live! Nijigasaki Gakuen School Idol Doukoukai 2nd Season,7.66,"['Slice of Life', 'Idols (Female)', 'Music', 'School']",2022
Tenkuu no Escaflowne,7.66,"['Action', 'Adventure', 'Fantasy', 'Romance', 'Suspense', 'Isekai', 'Love Polygon', 'Mecha', 'Psychological']",1996
Aoi Bungaku Series,7.66,"['Drama', 'Suspense', 'Historical', 'Psychological']",2009
Gokinjo Monogatari,7.66,"['Comedy', 'Drama', 'Romance', 'Visual Arts']",1995
Oniichan wa Oshimai!,7.66,"['Comedy', 'CGDCT', 'Magical Sex Shift', 'School']",2023
Mousou Dairinin,7.66,"['Avant Garde', 'Award Winning', 'Drama', 'Mystery', 'Supernatural', 'Suspense', 'Adult Cast', 'Detective', 'Psychological']",2004
Hai to Gensou no Grimgar,7.65,"['Action', 'Adventure', 'Drama', 'Fantasy', 'Isekai']",2016
Tondemo Skill de Isekai Hourou Meshi,7.65,"['Adventure', 'Comedy', 'Fantasy', 'Gourmet', 'Isekai']",2023
Arslan Senki (TV),7.65,"['Action', 'Adventure', 'Drama', 'Fantasy', 'Historical', 'Military']",2015
Bokura wa Minna Kawai-sou,7.65,"['Slice of Life', 'Love Status Quo', 'School']",2014
Kimi to Boku.,7.65,"['Slice of Life', 'Iyashikei', 'School']",2011
Fairy Tail (2014),7.65,"['Action', 'Adventure', 'Fantasy']",2014
Tsuritama,7.65,"['Comedy', 'Sci-Fi']",2012
Mitsudomoe Zouryouchuu!,7.65,"['Comedy', 'Gag Humor', 'School']",2011
Toaru Kagaku no Railgun,7.65,"['Action', 'Fantasy', 'Sci-Fi', 'Super Power']",2009
Yuuki Yuuna wa Yuusha de Aru: Yuusha no Shou,7.65,"['Drama', 'Mahou Shoujo']",2017
Dekiru Neko wa Kyou mo Yuuutsu,7.65,"['Comedy', 'Adult Cast', 'Anthropomorphic']",2023
Chibi Maruko-chan,7.65,['Comedy'],1990
Shin Mazinger Shougeki! Z-hen,7.65,"['Action', 'Drama', 'Mecha', 'Super Power']",2009
Seikai no Senki,7.65,"['Action', 'Romance', 'Sci-Fi', 'Military', 'Space']",2000
Kuroshitsuji,7.65,"['Action', 'Mystery', 'Supernatural', 'Historical', 'Mythology']",2008
Seto no Hanayome,7.65,"['Comedy', 'Romance', 'Supernatural', 'Organized Crime', 'Parody', 'School']",2007
Gakuen Alice,7.64,"['Comedy', 'School', 'Super Power']",2004
Machikado Mazoku,7.64,"['Comedy', 'CGDCT', 'Mahou Shoujo', 'School']",2019
Yama no Susume: Next Summit,7.64,"['Adventure', 'Slice of Life', 'CGDCT', 'Iyashikei']",2022
Rokuhou-dou Yotsuiro Biyori,7.64,"['Gourmet', 'Slice of Life', 'Adult Cast', 'Iyashikei', 'Workplace']",2018
Tokyo Revengers: Seiya Kessen-hen,7.64,"['Action', 'Drama', 'Delinquents', 'Time Travel']",2023
Mahou Shoujo ni Akogarete,7.64,"['Action', 'Comedy', 'Girls Love', 'Ecchi', 'Mahou Shoujo']",2024
Working!!,7.64,"['Comedy', 'Love Status Quo', 'Workplace']",2010
Pandora Hearts,7.64,"['Adventure', 'Fantasy', 'Mystery']",2009
Kidou Senshi Gundam Unicorn RE:0096,7.64,"['Action', 'Drama', 'Sci-Fi', 'Mecha', 'Military', 'Space']",2016
Kami nomi zo Shiru Sekai,7.64,"['Comedy', 'Romance', 'Supernatural', 'Harem', 'Otaku Culture']",2010
Minami-ke,7.64,"['Comedy', 'CGDCT', 'School']",2007
Sugar Apple Fairy Tale Part 2,7.64,"['Adventure', 'Drama', 'Fantasy', 'Romance', 'Visual Arts']",2023
Minami-ke Tadaima,7.64,"['Comedy', 'CGDCT', 'School']",2013
5-toubun no Hanayome,7.64,"['Comedy', 'Romance', 'Harem', 'School']",2019
Digimon Tamers,7.64,"['Adventure', 'Comedy', 'Fantasy', 'Isekai']",2001
30-sai made Doutei dato Mahoutsukai ni Nareru Rashii,7.64,"['Boys Love', 'Comedy', 'Adult Cast', 'Super Power', 'Workplace']",2024
Yowamushi Pedal: New Generation,7.63,"['Sports', 'Racing']",2017
Genshiken,7.63,"['Slice of Life', 'Adult Cast', 'Otaku Culture', 'Parody']",2004
Nejimaki Seirei Senki: Tenkyou no Alderamin,7.63,"['Action', 'Adventure', 'Fantasy', 'Military']",2016
Ao Haru Ride,7.63,"['Romance', 'Love Polygon', 'School']",2014
Sidonia no Kishi,7.63,"['Action', 'Sci-Fi', 'Mecha', 'Space']",2014
Inuyashiki,7.63,"['Action', 'Drama', 'Sci-Fi', 'Suspense', 'Gore', 'Psychological']",2017
Poyopoyo Kansatsu Nikki,7.63,"['Comedy', 'Slice of Life', 'Pets']",2012
Daa! Daa! Daa!,7.63,"['Comedy', 'Sci-Fi', 'Childcare']",2000
Osomatsu-san 2nd Season,7.62,"['Comedy', 'Gag Humor', 'Parody']",2017
Lupin III,7.62,"['Action', 'Adventure', 'Comedy', 'Mystery', 'Adult Cast']",1971
Tokidoki Bosotto Russia-go de Dereru Tonari no Alya-san,7.62,"['Comedy', 'Romance', 'School']",2024
Aggressive Retsuko,7.62,"['Comedy', 'Anthropomorphic', 'Music', 'Workplace']",2016
Flip Flappers,7.62,"['Adventure', 'Comedy', 'Fantasy', 'Sci-Fi']",2016
Ichigo Mashimaro,7.62,"['Slice of Life', 'CGDCT', 'Iyashikei']",2005
Kyou kara Maou!,7.62,"['Adventure', 'Comedy', 'Fantasy', 'Isekai']",2004
Konnichiwa Anne: Before Green Gables,7.62,"['Drama', 'Historical']",2009
Nanatsu no Taizai,7.62,"['Action', 'Adventure', 'Fantasy']",2014
Orange,7.62,"['Drama', 'Romance', 'Sci-Fi', 'Love Polygon', 'School', 'Time Travel']",2016
Heion Sedai no Idaten-tachi,7.62,"['Action', 'Adventure', 'Fantasy', 'Mythology']",2021
Trapp Ikka Monogatari,7.62,"['Drama', 'Romance', 'Childcare', 'Historical', 'Music']",1991
Seikai no Monshou,7.62,"['Action', 'Romance', 'Sci-Fi', 'Military', 'Space']",1999
AKB0048: Next Stage,7.62,"['Sci-Fi', 'Idols (Female)', 'Music']",2013
Maria-sama ga Miteru: Haru,7.62,"['Drama', 'Girls Love', 'School']",2004
Sexy Commando Gaiden: Sugoi yo!! Masaru-san,7.62,"['Action', 'Comedy', 'Gag Humor', 'Martial Arts', 'School']",1998
Servant x Service,7.62,"['Comedy', 'Adult Cast', 'Workplace']",2013
Mashle,7.62,"['Action', 'Comedy', 'Fantasy', 'Gag Humor', 'Parody', 'School']",2023
Hirogaru Sky! Precure,7.62,"['Action', 'Mahou Shoujo']",2023
Sekaiichi Hatsukoi,7.62,"['Boys Love', 'Adult Cast', 'Otaku Culture', 'Workplace']",2011
Free! Eternal Summer,7.61,"['Sports', 'School']",2014
Kino no Tabi: The Beautiful World - The Animated Series,7.61,"['Adventure', 'Drama', 'Fantasy']",2017
Gakkougurashi!,7.61,"['Horror', 'Mystery', 'Slice of Life', 'Supernatural', 'Suspense', 'Psychological', 'School', 'Survival']",2015
Senki Zesshou Symphogear AXZ,7.61,"['Action', 'Sci-Fi', 'Idols (Female)', 'Music']",2017
Eikoku Koi Monogatari Emma,7.61,"['Drama', 'Romance', 'Adult Cast', 'Historical']",2005
Master Keaton,7.61,"['Adventure', 'Drama', 'Mystery', 'Adult Cast', 'Historical']",1998
Owari no Seraph: Nagoya Kessen-hen,7.61,"['Action', 'Drama', 'Fantasy', 'Military', 'Urban Fantasy', 'Vampire']",2015
Utawarerumono,7.61,"['Action', 'Drama', 'Fantasy', 'Sci-Fi']",2006
Rurouni Kenshin: Meiji Kenkaku Romantan (2023),7.61,"['Action', 'Historical', 'Samurai']",2023
Aikatsu Stars!,7.61,"['Slice of Life', 'Idols (Female)', 'Music', 'School']",2016
Fune wo Amu,7.61,"['Award Winning', 'Drama', 'Romance', 'Adult Cast', 'Workplace']",2016
D4DJ First Mix,7.61,"['Idols (Female)', 'Music', 'School']",2020
Hakkenden: Touhou Hakken Ibun 2nd Season,7.61,"['Action', 'Fantasy', 'Mystery', 'Mythology']",2013
Tonikaku Kawaii 2nd Season,7.61,"['Comedy', 'Romance']",2023
Shingeki no Bahamut: Genesis,7.61,"['Action', 'Adventure', 'Fantasy']",2014
Soukyuu no Fafner: Dead Aggressor - Exodus Part 2,7.61,"['Action', 'Drama', 'Sci-Fi', 'Mecha', 'Military']",2015
The iDOLM@STER,7.61,"['Comedy', 'Drama', 'Idols (Female)', 'Music']",2011
Shinigami Bocchan to Kuro Maid 2nd Season,7.61,"['Comedy', 'Fantasy', 'Romance', 'Love Status Quo', 'Urban Fantasy']",2023
Fushigi Yuugi,7.61,"['Action', 'Adventure', 'Fantasy', 'Romance', 'Historical', 'Isekai', 'Martial Arts', 'Reverse Harem']",1995
Mahou Shoujo Lyrical Nanoha StrikerS,7.61,"['Action', 'Comedy', 'Drama', 'Mahou Shoujo']",2007
Blood+,7.61,"['Action', 'Drama', 'Horror', 'Mystery', 'Supernatural', 'Gore', 'Military', 'Vampire']",2005
Rozen Maiden: Träumend,7.61,"['Action', 'Comedy', 'Drama', 'Fantasy']",2005
Free! Dive to the Future,7.6,"['Sports', 'School']",2018
Uma Musume: Pretty Derby Season 3,7.6,"['Sports', 'Anthropomorphic', 'Racing']",2023
Yama no Susume Third Season,7.6,"['Adventure', 'Slice of Life', 'CGDCT', 'Iyashikei']",2018
Tegamibachi,7.6,"['Adventure', 'Fantasy']",2009
Fairy Tail: Final Series,7.6,"['Action', 'Adventure', 'Fantasy']",2018
Kareshi Kanojo no Jijou,7.6,"['Comedy', 'Drama', 'Romance', 'School']",1998
White Album 2,7.6,"['Drama', 'Romance', 'Love Polygon', 'Music']",2013
Jigoku Shoujo Mitsuganae,7.6,"['Horror', 'Mystery', 'Supernatural', 'Suspense', 'Psychological']",2008
Nurarihyon no Mago,7.6,"['Action', 'Supernatural', 'Mythology']",2010
Jigoku Shoujo,7.6,"['Horror', 'Mystery', 'Supernatural', 'Suspense', 'Psychological']",2005
Mahoujin Guruguru,7.6,"['Adventure', 'Comedy', 'Fantasy']",1994
Chrno Crusade,7.6,"['Action', 'Romance', 'Supernatural', 'Historical', 'Mythology']",2003
Ani ni Tsukeru Kusuri wa Nai! 4,7.59,"['Comedy', 'School']",2020
Prison School,7.59,"['Comedy', 'Ecchi', 'Gag Humor', 'School']",2015
Shinigami Bocchan to Kuro Maid,7.59,"['Comedy', 'Fantasy', 'Romance', 'Love Status Quo', 'Urban Fantasy']",2021
Bokura no,7.59,"['Action', 'Drama', 'Sci-Fi', 'Suspense', 'Mecha', 'Psychological', 'Survival']",2007
Ashita no Nadja,7.59,"['Adventure', 'Drama', 'Romance', 'Historical']",2003
Hoshiai no Sora,7.59,"['Drama', 'Sports', 'School']",2019
Chuuka Ichiban!,7.59,"['Action', 'Comedy', 'Drama', 'Gourmet']",1997
Kekkaishi,7.59,"['Action', 'Adventure', 'Supernatural', 'Mythology']",2006
Tensura Nikki: Tensei shitara Slime Datta Ken,7.59,"['Comedy', 'Fantasy', 'Isekai', 'Reincarnation']",2021
Kekkai Sensen,7.59,"['Action', 'Fantasy', 'Super Power', 'Urban Fantasy', 'Vampire']",2015
Full Metal Panic!,7.59,"['Action', 'Comedy', 'Sci-Fi', 'Mecha', 'Military']",2002
Junjou Romantica 3,7.59,"['Boys Love', 'Comedy', 'Drama', 'Adult Cast']",2015
Katsute Mahou Shoujo to Aku wa Tekitai shiteita.,7.59,"['Comedy', 'Romance', 'Mahou Shoujo']",2024
"Fuufu Ijou, Koibito Miman.",7.58,"['Romance', 'Love Polygon', 'School']",2022
Kidou Butouden G Gundam,7.58,"['Action', 'Drama', 'Romance', 'Sci-Fi', 'Martial Arts', 'Mecha', 'Space']",1994
Akudama Drive,7.58,"['Action', 'Sci-Fi', 'Suspense', 'Adult Cast', 'Gore']",2020
"Ima, Soko ni Iru Boku",7.58,"['Adventure', 'Drama', 'Fantasy', 'Sci-Fi', 'Isekai', 'Military']",1999
BanG Dream! 2nd Season,7.58,"['CGDCT', 'Music', 'School']",2019
Romeo x Juliet,7.58,"['Drama', 'Fantasy', 'Romance', 'Historical']",2007
Candy Candy,7.58,"['Drama', 'Romance', 'Historical']",1976
Arknights: Touin Kiro,7.58,"['Action', 'Fantasy']",2023
Akiba Meido Sensou,7.58,"['Action', 'Comedy', 'Organized Crime']",2022
Sword Art Online: Alicization - War of Underworld,7.58,"['Action', 'Adventure', 'Fantasy', 'Video Game']",2019
Yowamushi Pedal: Glory Line,7.58,"['Sports', 'Racing']",2018
Soredemo Sekai wa Utsukushii,7.58,"['Adventure', 'Fantasy', 'Romance']",2014
World Trigger,7.58,"['Action', 'Sci-Fi']",2014
Love Live! Sunshine!! 2nd Season,7.58,"['Slice of Life', 'Idols (Female)', 'Music', 'School']",2017
Majin Tantei Nougami Neuro,7.58,"['Comedy', 'Mystery', 'Supernatural', 'Detective', 'Mythology']",2007
Black Jack (TV),7.58,"['Drama', 'Medical']",2004
Pretty Rhythm: Rainbow Live,7.57,"['Sports', 'Idols (Female)', 'Music']",2013
Fairy Tail,7.57,"['Action', 'Adventure', 'Fantasy']",2009
Tsubasa Chronicle 2nd Season,7.57,"['Action', 'Adventure', 'Drama', 'Fantasy', 'Romance']",2006
Wonder Egg Priority,7.57,"['Drama', 'Supernatural', 'Suspense', 'Psychological']",2021
Pokemon: Mezase Pokemon Master,7.57,"['Action', 'Adventure', 'Comedy', 'Fantasy']",2023
Tada-kun wa Koi wo Shinai,7.57,"['Comedy', 'Romance', 'School', 'Visual Arts']",2018
Ga-Rei: Zero,7.57,"['Action', 'Supernatural', 'Suspense', 'Gore', 'Super Power']",2008
GetBackers,7.57,"['Action', 'Mystery', 'Supernatural', 'Super Power']",2002
Full Metal Panic! Invisible Victory,7.57,"['Action', 'Mecha', 'Military']",2018
Yume-iro Pâtissière SP Professional,7.57,"['Gourmet', 'Slice of Life']",2010
Dragon Quest: Dai no Daibouken (TV),7.57,"['Action', 'Adventure', 'Fantasy']",1991
Hana yori Dango,7.57,"['Drama', 'Romance', 'Love Polygon', 'School']",1996
Fukigen na Mononokean Tsuzuki,7.57,"['Comedy', 'Supernatural', 'Mythology']",2019
Sword Art Online: Alicization,7.57,"['Action', 'Adventure', 'Fantasy', 'Video Game']",2018
Ushio to Tora (TV),7.57,"['Action', 'Adventure', 'Supernatural', 'Mythology']",2015
Senpai ga Uzai Kouhai no Hanashi,7.56,"['Comedy', 'Adult Cast', 'Love Status Quo', 'Workplace']",2021
Kamonohashi Ron no Kindan Suiri 2nd Season,7.56,"['Comedy', 'Mystery', 'Adult Cast', 'Detective']",2024
Arakawa Under the Bridge,7.56,"['Comedy', 'Romance']",2010
UFO Robo Grendizer,7.56,"['Action', 'Sci-Fi', 'Mecha']",1975
Nisekoi,7.56,"['Comedy', 'Romance', 'Harem', 'School']",2014
Yuuki Bakuhatsu Bang Bravern,7.56,"['Action', 'Comedy', 'Sci-Fi', 'Adult Cast', 'Mecha', 'Military', 'Parody']",2024
MF Ghost,7.56,['Racing'],2023
Tamayura: More Aggressive,7.56,"['Slice of Life', 'CGDCT', 'Iyashikei']",2013
Majo no Tabitabi,7.56,"['Adventure', 'Fantasy']",2020
Hokuto no Ken 2,7.56,"['Action', 'Drama', 'Sci-Fi', 'Gore', 'Martial Arts', 'Super Power']",1987
Kubo-san wa Mob wo Yurusanai,7.56,"['Comedy', 'Romance', 'Love Status Quo', 'School']",2023
Ajin Part 2,7.56,"['Action', 'Horror', 'Mystery', 'Supernatural', 'Gore']",2016
Log Horizon 2nd Season,7.56,"['Action', 'Adventure', 'Fantasy', 'Adult Cast', 'Video Game']",2014
Saijaku Tamer wa Gomi Hiroi no Tabi wo Hajimemashita.,7.56,"['Adventure', 'Fantasy', 'Crossdressing', 'Isekai', 'Reincarnation']",2024
Kami no Tou,7.56,"['Action', 'Adventure', 'Drama', 'Fantasy', 'Mystery']",2020
Senjou no Valkyria,7.56,"['Action', 'Romance', 'Military']",2009
Radiant 2nd Season,7.56,"['Action', 'Adventure', 'Fantasy']",2019
Noein: Mou Hitori no Kimi e,7.56,"['Adventure', 'Drama', 'Sci-Fi', 'Time Travel']",2005
Yuru Yuri,7.56,"['Award Winning', 'Comedy', 'Girls Love', 'CGDCT', 'Gag Humor', 'School']",2011
Yama no Susume Second Season,7.56,"['Adventure', 'Slice of Life', 'CGDCT', 'Iyashikei']",2014
Uchuu Senkan Yamato,7.55,"['Action', 'Adventure', 'Award Winning', 'Drama', 'Sci-Fi', 'Adult Cast', 'Military', 'Space']",1974
Moyashimon,7.55,"['Comedy', 'Gourmet', 'Supernatural', 'Adult Cast']",2007
Wakakusa Monogatari: Nan to Jo-sensei,7.55,"['Drama', 'Slice of Life', 'Historical', 'School']",1993
Runway de Waratte,7.55,"['Drama', 'School', 'Showbiz', 'Visual Arts']",2020
Gugure! Kokkuri-san,7.55,"['Comedy', 'Supernatural', 'Gag Humor']",2014
Nanatsu no Taizai: Imashime no Fukkatsu,7.55,"['Action', 'Adventure', 'Fantasy']",2018
Kaitou Saint Tail,7.55,"['Adventure', 'Romance']",1995
Konjiki no Gash Bell!!,7.55,"['Action', 'Adventure', 'Comedy', 'Supernatural', 'Mythology']",2003
Re:Creators,7.55,"['Action', 'Fantasy']",2017
Chuunibyou demo Koi ga Shitai! Ren,7.55,"['Comedy', 'Romance', 'School']",2014
Isekai Nonbiri Nouka,7.55,"['Fantasy', 'Slice of Life', 'Isekai', 'Reincarnation']",2023
New Game!,7.55,"['Comedy', 'Adult Cast', 'CGDCT', 'Otaku Culture', 'Workplace']",2016
Deaimon,7.55,"['Slice of Life', 'Childcare', 'Workplace']",2022
Hakuouki: Hekketsuroku,7.55,"['Action', 'Drama', 'Supernatural', 'Historical', 'Samurai']",2010
K: Return of Kings,7.55,"['Action', 'Super Power']",2015
Shoukoku no Altair,7.55,"['Adventure', 'Drama', 'Historical', 'Military']",2017
Pokemon (2019),7.55,"['Action', 'Adventure', 'Comedy', 'Fantasy']",2019
No.6,7.55,"['Action', 'Drama', 'Mystery', 'Sci-Fi']",2011
Hataraku Saibou,7.55,"['Comedy', 'Anthropomorphic', 'Educational', 'Medical']",2018
Hungry Heart: Wild Striker,7.54,"['Comedy', 'Slice of Life', 'Sports', 'Team Sports']",2002
Yozakura-san Chi no Daisakusen,7.54,"['Action', 'Comedy']",2024
"Yondemasu yo, Azazel-san. Z",7.54,"['Comedy', 'Supernatural', 'Gag Humor', 'Mythology']",2013
Kakuriyo no Yadomeshi,7.54,"['Drama', 'Fantasy', 'Gourmet', 'Romance', 'Adult Cast', 'Isekai', 'Mythology']",2018
Nijuu Mensou no Musume,7.54,"['Action', 'Adventure', 'Mystery']",2008
Aa! Megami-sama! Sorezore no Tsubasa,7.54,"['Comedy', 'Romance', 'Supernatural', 'Harem']",2006
Kindaichi Shounen no Jikenbo Returns,7.54,['Mystery'],2014
Koukyuu no Karasu,7.54,"['Fantasy', 'Mystery', 'Historical', 'Mythology']",2022
Tsurezure Children,7.54,"['Comedy', 'Romance', 'School']",2017
Shakugan no Shana II (Second),7.54,"['Action', 'Drama', 'Fantasy', 'Romance', 'School', 'Urban Fantasy']",2007
Seitokai Yakuindomo,7.54,"['Comedy', 'Gag Humor', 'School']",2010
Minami-ke Okaeri,7.54,"['Comedy', 'CGDCT', 'School']",2009
Gensoumaden Saiyuuki,7.54,"['Action', 'Adventure', 'Drama', 'Fantasy', 'Mythology']",2000
Sakamoto desu ga?,7.54,"['Comedy', 'Gag Humor', 'School']",2016
Star☆Twinkle Precure,7.54,"['Action', 'Mahou Shoujo']",2019
Mutsu Enmei Ryuu Gaiden: Shura no Toki,7.54,"['Action', 'Historical', 'Martial Arts', 'Samurai']",2004
Ragna Crimson,7.54,"['Action', 'Fantasy']",2023
Perrine Monogatari,7.54,"['Drama', 'Historical']",1978
Hinomaruzumou,7.53,"['Sports', 'Combat Sports', 'School']",2018
Shounen Onmyouji,7.53,"['Action', 'Fantasy', 'Historical', 'Mythology']",2006
Taiho Shichau zo (TV),7.53,"['Action', 'Comedy', 'Adult Cast', 'Detective', 'Workplace']",1996
Girls & Panzer,7.53,"['Action', 'CGDCT', 'Military', 'School']",2012
Basilisk: Kouga Ninpou Chou,7.53,"['Action', 'Drama', 'Romance', 'Adult Cast', 'Gore', 'Historical', 'Martial Arts', 'Samurai']",2005
Black Jack 21,7.53,"['Action', 'Drama', 'Medical']",2006
Giant Killing,7.53,"['Drama', 'Sports', 'Team Sports']",2010
So Ra No Wo To,7.53,"['Sci-Fi', 'Slice of Life', 'CGDCT', 'Iyashikei', 'Military', 'Music']",2010
Dungeon ni Deai wo Motomeru no wa Machigatteiru Darou ka,7.53,"['Action', 'Adventure', 'Fantasy']",2015
Kanojo ga Koushaku-tei ni Itta Riyuu,7.53,"['Fantasy', 'Romance', 'Isekai', 'Reincarnation']",2023
Mashiro no Oto,7.53,"['Drama', 'Music', 'School']",2021
Chiyu Mahou no Machigatta Tsukaikata,7.53,"['Action', 'Adventure', 'Fantasy', 'Isekai']",2024
Jigoku Sensei Nube,7.53,"['Comedy', 'Horror', 'Supernatural', 'School']",1996
Shin Tennis no Oujisama,7.53,"['Sports', 'School']",2012
One Punch Man 2nd Season,7.53,"['Action', 'Comedy', 'Adult Cast', 'Parody', 'Super Power']",2019
Amaama to Inazuma,7.53,"['Gourmet', 'Slice of Life', 'Childcare', 'Iyashikei']",2016
Patapata Hikousen no Bouken,7.53,"['Adventure', 'Sci-Fi']",2002
NieR:Automata Ver1.1a,7.53,"['Action', 'Fantasy', 'Sci-Fi']",2023
The Big O,7.53,"['Action', 'Mystery', 'Sci-Fi', 'Adult Cast', 'Mecha', 'Psychological']",1999
Uchuu Patrol Luluco,7.53,"['Action', 'Adventure', 'Comedy', 'Sci-Fi', 'Parody', 'Space']",2016
Tonari no Seki-kun,7.53,"['Comedy', 'School']",2014
Yamada-kun to 7-nin no Majo,7.53,"['Comedy', 'Mystery', 'Romance', 'Supernatural', 'Harem', 'School']",2015
Hello! Lady Lynn,7.52,['Drama'],1988
Demi-chan wa Kataritai,7.52,"['Comedy', 'Fantasy', 'Mythology', 'School', 'Urban Fantasy', 'Vampire']",2017
Hataraku Saibou Black,7.52,"['Action', 'Drama', 'Anthropomorphic', 'Educational', 'Medical']",2021
Utawarerumono: Futari no Hakuoro,7.52,"['Action', 'Drama', 'Fantasy']",2022
Jijou wo Shiranai Tenkousei ga Guigui Kuru.,7.52,"['Comedy', 'Romance', 'Love Status Quo', 'School']",2023
Isshuukan Friends.,7.52,"['Drama', 'School']",2014
Kimagure Orange☆Road,7.52,"['Comedy', 'Drama', 'Romance', 'School', 'Super Power']",1987
R.O.D: The TV,7.52,"['Action', 'Adventure', 'Comedy', 'Drama', 'Sci-Fi', 'Super Power']",2003
Nobunaga Concerto,7.52,"['Comedy', 'Romance', 'Historical', 'Time Travel']",2014
Poputepipikku 2nd Season,7.52,"['Comedy', 'Gag Humor', 'Parody']",2022
Net-juu no Susume,7.52,"['Comedy', 'Romance', 'Adult Cast', 'Video Game']",2017
Toaru Majutsu no Index II,7.52,"['Action', 'Fantasy', 'Sci-Fi', 'Super Power', 'Urban Fantasy']",2010
Irozuku Sekai no Ashita kara,7.51,"['Drama', 'Fantasy', 'Romance', 'Love Polygon', 'School', 'Time Travel', 'Urban Fantasy', 'Visual Arts']",2018
Persona 4 the Animation,7.51,"['Action', 'Mystery', 'Sci-Fi', 'Supernatural', 'School', 'Super Power']",2011
Tsubasa Chronicle,7.51,"['Action', 'Adventure', 'Fantasy', 'Romance']",2005
Mitsudomoe,7.51,"['Comedy', 'Gag Humor', 'School']",2010
Hayate no Gotoku!,7.51,"['Action', 'Comedy', 'Romance', 'Harem', 'Parody']",2007
PriPara,7.51,"['Slice of Life', 'Idols (Female)', 'Music', 'School']",2014
Over Drive,7.51,"['Sports', 'Racing']",2007
Boukyaku Battery (TV),7.51,"['Comedy', 'Sports', 'School', 'Team Sports']",2024
Itai no wa Iya nanode Bougyoryoku ni Kyokufuri Shitai to Omoimasu.,7.51,"['Action', 'Adventure', 'Comedy', 'Fantasy', 'Video Game']",2020
Toriko,7.51,"['Action', 'Adventure', 'Comedy', 'Fantasy', 'Gourmet']",2011
Shiroi Suna no Aquatope,7.51,"['Drama', 'Workplace']",2021
Shoubushi Densetsu Tetsuya,7.51,"['Historical', 'Strategy Game']",2000
Golgo 13 (TV),7.51,"['Action', 'Adventure', 'Drama', 'Suspense', 'Adult Cast']",2008
Fushigi no Umi no Nadia,7.51,"['Adventure', 'Comedy', 'Romance', 'Sci-Fi', 'Historical']",1990
Kemono Friends,7.51,"['Adventure', 'Award Winning', 'Comedy', 'Fantasy', 'Anthropomorphic', 'Iyashikei']",2017
Tensei shitara Ken deshita,7.51,"['Action', 'Adventure', 'Fantasy', 'Isekai', 'Reincarnation']",2022
Fugou Keiji: Balance:Unlimited,7.51,"['Mystery', 'Adult Cast', 'Detective']",2020
